"No.","Time","Source","Destination","Protocol","Length","Info","RTT","ACK","Retransmisiones","Analisis RTO"
"1","2021-06-15 17:37:53,872609","0c:f2:56:56:04:02","Spanning-tree-(for-bridges)_00","STP","60","RST. Root = 32768/1/0c:f2:56:24:b8:00  Cost = 4  Port = 0x8003","","","",""
"2","2021-06-15 17:37:57,761004","0c:f2:56:56:04:02","Spanning-tree-(for-bridges)_00","STP","60","RST. Root = 32768/1/0c:f2:56:24:b8:00  Cost = 4  Port = 0x8003","","","",""
"3","2021-06-15 17:38:00,734663","192.168.123.251","255.255.255.255","UDP","263","61527  >  10067 Len=221","","","",""
"4","2021-06-15 17:38:01,242516","0c:f2:56:56:04:02","Spanning-tree-(for-bridges)_00","STP","60","RST. Root = 32768/1/0c:f2:56:24:b8:00  Cost = 4  Port = 0x8003","","","",""
"5","2021-06-15 17:38:04,126465","0c:f2:56:56:04:02","Spanning-tree-(for-bridges)_00","STP","60","RST. Root = 32768/1/0c:f2:56:24:b8:00  Cost = 4  Port = 0x8003","","","",""
"6","2021-06-15 17:38:07,835958","0c:f2:56:56:04:02","Spanning-tree-(for-bridges)_00","STP","60","RST. Root = 32768/1/0c:f2:56:24:b8:00  Cost = 4  Port = 0x8003","","","",""
"7","2021-06-15 17:38:13,064311","0c:f2:56:56:04:02","Spanning-tree-(for-bridges)_00","STP","60","RST. Root = 32768/1/0c:f2:56:24:b8:00  Cost = 4  Port = 0x8003","","","",""
"8","2021-06-15 17:38:18,245175","0c:f2:56:56:04:02","Spanning-tree-(for-bridges)_00","STP","60","RST. Root = 32768/1/0c:f2:56:24:b8:00  Cost = 4  Port = 0x8003","","","",""
"9","2021-06-15 17:38:23,670913","0.0.0.0","255.255.255.255","DHCP","406","DHCP Discover - Transaction ID 0x11d69f04","","","",""
"10","2021-06-15 17:38:24,210609","0c:f2:56:56:04:02","Spanning-tree-(for-bridges)_00","STP","60","RST. Root = 32768/1/0c:f2:56:24:b8:00  Cost = 4  Port = 0x8003","","","",""
"11","2021-06-15 17:38:24,571554","0c:f2:56:9d:22:00","Broadcast","ARP","60","Who has 192.168.123.1? Tell 192.168.123.251","","","",""
"12","2021-06-15 17:38:24,671278","0.0.0.0","255.255.255.255","DHCP","406","DHCP Discover - Transaction ID 0x11d69f04","","","",""
"13","2021-06-15 17:38:27,672446","0.0.0.0","255.255.255.255","DHCP","406","DHCP Discover - Transaction ID 0x11d69f04","","","",""
"14","2021-06-15 17:38:28,603868","0c:f2:56:9d:22:00","Broadcast","ARP","60","Who has 192.168.123.1? Tell 192.168.123.251","","","",""
"15","2021-06-15 17:38:29,743652","0c:f2:56:56:04:02","Spanning-tree-(for-bridges)_00","STP","60","RST. Root = 32768/1/0c:f2:56:24:b8:00  Cost = 4  Port = 0x8003","","","",""
"16","2021-06-15 17:38:29,785971","192.168.123.251","192.168.123.1","DHCP","342","DHCP Offer    - Transaction ID 0x11d69f04","","","",""
"17","2021-06-15 17:38:29,788788","192.168.123.251","192.168.123.1","DHCP","342","DHCP Offer    - Transaction ID 0x11d69f04","","","",""
"18","2021-06-15 17:38:29,796944","192.168.123.251","255.255.255.255","DHCP","342","DHCP Offer    - Transaction ID 0x11d69f04","","","",""
"19","2021-06-15 17:38:32,226193","0c:f2:56:24:b8:00","CDP/VTP/DTP/PAgP/UDLD","DTP","90","Dynamic Trunk Protocol","","","",""
"20","2021-06-15 17:38:35,243323","0c:f2:56:56:04:02","Spanning-tree-(for-bridges)_00","STP","60","RST. Root = 32768/1/0c:f2:56:24:b8:00  Cost = 4  Port = 0x8003","","","",""
"21","2021-06-15 17:38:37,623998","0c:f2:56:56:04:02","CDP/VTP/DTP/PAgP/UDLD","DTP","60","Dynamic Trunk Protocol","","","",""
"22","2021-06-15 17:38:37,624413","0c:f2:56:56:04:02","CDP/VTP/DTP/PAgP/UDLD","DTP","90","Dynamic Trunk Protocol","","","",""
"23","2021-06-15 17:38:40,011288","0c:f2:56:56:04:02","Spanning-tree-(for-bridges)_00","STP","60","RST. Root = 32768/1/0c:f2:56:24:b8:00  Cost = 4  Port = 0x8003","","","",""
"24","2021-06-15 17:38:44,932532","0c:f2:56:56:04:02","Spanning-tree-(for-bridges)_00","STP","60","RST. Root = 32768/1/0c:f2:56:24:b8:00  Cost = 4  Port = 0x8003","","","",""
"25","2021-06-15 17:38:47,226149","0.0.0.0","255.255.255.255","DHCP","406","DHCP Discover - Transaction ID 0xec5efa11","","","",""
"26","2021-06-15 17:38:48,230528","0.0.0.0","255.255.255.255","DHCP","406","DHCP Discover - Transaction ID 0xec5efa11","","","",""
"27","2021-06-15 17:38:48,257535","192.168.123.251","192.168.123.1","DHCP","342","DHCP Offer    - Transaction ID 0xec5efa11","","","",""
"28","2021-06-15 17:38:48,306440","192.168.123.251","192.168.123.1","DHCP","342","DHCP Offer    - Transaction ID 0xec5efa11","","","",""
"29","2021-06-15 17:38:50,337603","0c:f2:56:56:04:02","Spanning-tree-(for-bridges)_00","STP","60","RST. Root = 32768/1/0c:f2:56:24:b8:00  Cost = 4  Port = 0x8003","","","",""
"30","2021-06-15 17:38:51,231546","0.0.0.0","255.255.255.255","DHCP","406","DHCP Request  - Transaction ID 0xec5efa11","","","",""
"31","2021-06-15 17:38:51,916059","0c:f2:56:73:69:00","CDP/VTP/DTP/PAgP/UDLD","DTP","90","Dynamic Trunk Protocol","","","",""
"32","2021-06-15 17:38:52,067107","192.168.123.251","192.168.123.1","DHCP","342","DHCP ACK      - Transaction ID 0xec5efa11","","","",""
"33","2021-06-15 17:38:52,232183","Private_66:68:00","Broadcast","ARP","64","Gratuitous ARP for 192.168.123.1 (Request)","","","",""
"34","2021-06-15 17:38:53,233322","Private_66:68:00","Broadcast","ARP","64","Gratuitous ARP for 192.168.123.1 (Request)","","","",""
"35","2021-06-15 17:38:54,234709","Private_66:68:00","Broadcast","ARP","64","Gratuitous ARP for 192.168.123.1 (Request)","","","",""
"36","2021-06-15 17:38:55,486859","0c:f2:56:56:04:02","Spanning-tree-(for-bridges)_00","STP","60","RST. Root = 32768/1/0c:f2:56:24:b8:00  Cost = 4  Port = 0x8003","","","",""
"37","2021-06-15 17:39:00,959919","0c:f2:56:56:04:02","Spanning-tree-(for-bridges)_00","STP","60","RST. Root = 32768/1/0c:f2:56:24:b8:00  Cost = 4  Port = 0x8003","","","",""
"38","2021-06-15 17:39:05,890535","0c:f2:56:56:04:02","Spanning-tree-(for-bridges)_00","STP","60","RST. Root = 32768/1/0c:f2:56:24:b8:00  Cost = 4  Port = 0x8003","","","",""
"39","2021-06-15 17:39:11,426181","0c:f2:56:56:04:02","Spanning-tree-(for-bridges)_00","STP","60","RST. Root = 32768/1/0c:f2:56:24:b8:00  Cost = 4  Port = 0x8003","","","",""
"40","2021-06-15 17:39:17,362317","0c:f2:56:56:04:02","Spanning-tree-(for-bridges)_00","STP","60","RST. Root = 32768/1/0c:f2:56:24:b8:00  Cost = 4  Port = 0x8003","","","",""
"41","2021-06-15 17:39:21,466427","0c:f2:56:56:04:02","Spanning-tree-(for-bridges)_00","STP","60","RST. Root = 32768/1/0c:f2:56:24:b8:00  Cost = 4  Port = 0x8003","","","",""
"42","2021-06-15 17:39:21,496261","0c:f2:56:56:04:02","CDP/VTP/DTP/PAgP/UDLD","CDP","411","Device ID: Switch  Port ID: GigabitEthernet0/2  ","","","",""
"43","2021-06-15 17:39:25,886758","0c:f2:56:24:b8:00","CDP/VTP/DTP/PAgP/UDLD","DTP","90","Dynamic Trunk Protocol","","","",""
"44","2021-06-15 17:39:25,944723","0c:f2:56:56:04:02","Spanning-tree-(for-bridges)_00","STP","60","RST. Root = 32768/1/0c:f2:56:24:b8:00  Cost = 4  Port = 0x8003","","","",""
"45","2021-06-15 17:39:31,121952","0c:f2:56:56:04:02","Spanning-tree-(for-bridges)_00","STP","60","RST. Root = 32768/1/0c:f2:56:24:b8:00  Cost = 4  Port = 0x8003","","","",""
"46","2021-06-15 17:39:33,235031","0c:f2:56:56:04:02","CDP/VTP/DTP/PAgP/UDLD","DTP","60","Dynamic Trunk Protocol","","","",""
"47","2021-06-15 17:39:33,235197","0c:f2:56:56:04:02","CDP/VTP/DTP/PAgP/UDLD","DTP","90","Dynamic Trunk Protocol","","","",""
"48","2021-06-15 17:39:35,425387","0c:f2:56:56:04:02","Spanning-tree-(for-bridges)_00","STP","60","RST. Root = 32768/1/0c:f2:56:24:b8:00  Cost = 4  Port = 0x8003","","","",""
"49","2021-06-15 17:39:40,892384","0c:f2:56:56:04:02","Spanning-tree-(for-bridges)_00","STP","60","RST. Root = 32768/1/0c:f2:56:24:b8:00  Cost = 4  Port = 0x8003","","","",""
"50","2021-06-15 17:39:46,020800","0c:f2:56:56:04:02","Spanning-tree-(for-bridges)_00","STP","60","RST. Root = 32768/1/0c:f2:56:24:b8:00  Cost = 4  Port = 0x8003","","","",""
"51","2021-06-15 17:39:51,423641","0c:f2:56:56:04:02","Spanning-tree-(for-bridges)_00","STP","60","RST. Root = 32768/1/0c:f2:56:24:b8:00  Cost = 4  Port = 0x8003","","","",""
"52","2021-06-15 17:39:55,721952","0c:f2:56:73:69:00","CDP/VTP/DTP/PAgP/UDLD","DTP","90","Dynamic Trunk Protocol","","","",""
"53","2021-06-15 17:39:55,906840","0c:f2:56:56:04:02","Spanning-tree-(for-bridges)_00","STP","60","RST. Root = 32768/1/0c:f2:56:24:b8:00  Cost = 4  Port = 0x8003","","","",""
"54","2021-06-15 17:40:01,048990","0c:f2:56:56:04:02","Spanning-tree-(for-bridges)_00","STP","60","RST. Root = 32768/1/0c:f2:56:24:b8:00  Cost = 4  Port = 0x8003","","","",""
"55","2021-06-15 17:40:06,531411","0c:f2:56:56:04:02","Spanning-tree-(for-bridges)_00","STP","60","RST. Root = 32768/1/0c:f2:56:24:b8:00  Cost = 4  Port = 0x8003","","","",""
"56","2021-06-15 17:40:10,062691","0c:f2:56:56:04:02","Spanning-tree-(for-bridges)_00","STP","60","RST. Root = 32768/1/0c:f2:56:24:b8:00  Cost = 4  Port = 0x8003","","","",""
"57","2021-06-15 17:40:22,633567","0c:f2:56:56:04:02","Spanning-tree-(for-bridges)_00","STP","60","RST. Root = 32768/1/0c:f2:56:24:b8:00  Cost = 4  Port = 0x8003","","","",""
"58","2021-06-15 17:40:29,178917","0c:f2:56:24:b8:00","CDP/VTP/DTP/PAgP/UDLD","DTP","90","Dynamic Trunk Protocol","","","",""
"59","2021-06-15 17:40:30,548898","0c:f2:56:56:04:02","Spanning-tree-(for-bridges)_00","STP","60","RST. Root = 32768/1/0c:f2:56:24:b8:00  Cost = 4  Port = 0x8003","","","",""
"60","2021-06-15 17:40:35,143023","0c:f2:56:56:04:02","Spanning-tree-(for-bridges)_00","STP","60","RST. Root = 32768/1/0c:f2:56:24:b8:00  Cost = 4  Port = 0x8003","","","",""
"61","2021-06-15 17:40:38,906659","0c:f2:56:56:04:02","CDP/VTP/DTP/PAgP/UDLD","DTP","60","Dynamic Trunk Protocol","","","",""
"62","2021-06-15 17:40:38,929031","0c:f2:56:56:04:02","CDP/VTP/DTP/PAgP/UDLD","DTP","90","Dynamic Trunk Protocol","","","",""
"63","2021-06-15 17:40:40,024684","0.0.0.0","255.255.255.255","DHCP","406","DHCP Discover - Transaction ID 0x98eb6a11","","","",""
"64","2021-06-15 17:40:40,186880","192.168.123.251","192.168.123.1","DHCP","342","DHCP Offer    - Transaction ID 0x98eb6a11","","","",""
"65","2021-06-15 17:40:40,324063","0c:f2:56:56:04:02","Spanning-tree-(for-bridges)_00","STP","60","RST. Root = 32768/1/0c:f2:56:24:b8:00  Cost = 4  Port = 0x8003","","","",""
"66","2021-06-15 17:40:41,026093","0.0.0.0","255.255.255.255","DHCP","406","DHCP Request  - Transaction ID 0x98eb6a11","","","",""
"67","2021-06-15 17:40:41,429842","192.168.123.251","192.168.123.1","DHCP","342","DHCP ACK      - Transaction ID 0x98eb6a11","","","",""
"68","2021-06-15 17:40:42,028531","Private_66:68:00","Broadcast","ARP","64","Gratuitous ARP for 192.168.123.1 (Request)","","","",""
"69","2021-06-15 17:40:43,032958","Private_66:68:00","Broadcast","ARP","64","Gratuitous ARP for 192.168.123.1 (Request)","","","",""
"70","2021-06-15 17:40:44,040994","Private_66:68:00","Broadcast","ARP","64","Gratuitous ARP for 192.168.123.1 (Request)","","","",""
"71","2021-06-15 17:40:44,883545","0c:f2:56:56:04:02","Spanning-tree-(for-bridges)_00","STP","60","RST. Root = 32768/1/0c:f2:56:24:b8:00  Cost = 4  Port = 0x8003","","","",""
"72","2021-06-15 17:40:49,674645","0c:f2:56:56:04:02","Spanning-tree-(for-bridges)_00","STP","60","RST. Root = 32768/1/0c:f2:56:24:b8:00  Cost = 4  Port = 0x8003","","","",""
"73","2021-06-15 17:40:54,276031","0c:f2:56:56:04:02","Spanning-tree-(for-bridges)_00","STP","60","RST. Root = 32768/1/0c:f2:56:24:b8:00  Cost = 4  Port = 0x8003","","","",""
"74","2021-06-15 17:40:58,900207","0c:f2:56:56:04:02","Spanning-tree-(for-bridges)_00","STP","60","RST. Root = 32768/1/0c:f2:56:24:b8:00  Cost = 4  Port = 0x8003","","","",""
"75","2021-06-15 17:41:00,106285","0c:f2:56:56:04:02","CDP/VTP/DTP/PAgP/UDLD","CDP","411","Device ID: Switch  Port ID: GigabitEthernet0/2  ","","","",""
"76","2021-06-15 17:41:03,889779","0c:f2:56:56:04:02","Spanning-tree-(for-bridges)_00","STP","60","RST. Root = 32768/1/0c:f2:56:24:b8:00  Cost = 4  Port = 0x8003","","","",""
"77","2021-06-15 17:41:08,234512","0c:f2:56:73:69:00","CDP/VTP/DTP/PAgP/UDLD","DTP","90","Dynamic Trunk Protocol","","","",""
"78","2021-06-15 17:41:08,925160","0c:f2:56:56:04:02","Spanning-tree-(for-bridges)_00","STP","60","RST. Root = 32768/1/0c:f2:56:24:b8:00  Cost = 4  Port = 0x8003","","","",""
"79","2021-06-15 17:41:13,413507","0c:f2:56:56:04:02","Spanning-tree-(for-bridges)_00","STP","60","RST. Root = 32768/1/0c:f2:56:24:b8:00  Cost = 4  Port = 0x8003","","","",""
"80","2021-06-15 17:41:17,246948","0c:f2:56:56:04:02","Spanning-tree-(for-bridges)_00","STP","60","RST. Root = 32768/1/0c:f2:56:24:b8:00  Cost = 4  Port = 0x8003","","","",""
"81","2021-06-15 17:41:21,085058","0c:f2:56:56:04:02","Spanning-tree-(for-bridges)_00","STP","60","RST. Root = 32768/1/0c:f2:56:24:b8:00  Cost = 4  Port = 0x8003","","","",""
"82","2021-06-15 17:41:21,697046","0c:f2:56:24:b8:00","CDP/VTP/DTP/PAgP/UDLD","DTP","90","Dynamic Trunk Protocol","","","",""
"83","2021-06-15 17:41:25,900694","0c:f2:56:56:04:02","Spanning-tree-(for-bridges)_00","STP","60","RST. Root = 32768/1/0c:f2:56:24:b8:00  Cost = 4  Port = 0x8003","","","",""
"84","2021-06-15 17:41:31,653234","0c:f2:56:56:04:02","CDP/VTP/DTP/PAgP/UDLD","DTP","60","Dynamic Trunk Protocol","","","",""
"85","2021-06-15 17:41:31,667361","0c:f2:56:56:04:02","CDP/VTP/DTP/PAgP/UDLD","DTP","90","Dynamic Trunk Protocol","","","",""
"86","2021-06-15 17:41:31,784986","0c:f2:56:56:04:02","Spanning-tree-(for-bridges)_00","STP","60","RST. Root = 32768/1/0c:f2:56:24:b8:00  Cost = 4  Port = 0x8003","","","",""
"87","2021-06-15 17:41:37,117214","0c:f2:56:56:04:02","Spanning-tree-(for-bridges)_00","STP","60","RST. Root = 32768/1/0c:f2:56:24:b8:00  Cost = 4  Port = 0x8003","","","",""
"88","2021-06-15 17:41:42,786080","0c:f2:56:56:04:02","Spanning-tree-(for-bridges)_00","STP","60","RST. Root = 32768/1/0c:f2:56:24:b8:00  Cost = 4  Port = 0x8003","","","",""
"89","2021-06-15 17:41:47,449297","0c:f2:56:56:04:02","Spanning-tree-(for-bridges)_00","STP","60","RST. Root = 32768/1/0c:f2:56:24:b8:00  Cost = 4  Port = 0x8003","","","",""
"90","2021-06-15 17:41:52,867097","0c:f2:56:56:04:02","Spanning-tree-(for-bridges)_00","STP","60","RST. Root = 32768/1/0c:f2:56:24:b8:00  Cost = 4  Port = 0x8003","","","",""
"91","2021-06-15 17:41:56,016468","0c:f2:56:56:04:02","Spanning-tree-(for-bridges)_00","STP","60","RST. Root = 32768/1/0c:f2:56:24:b8:00  Cost = 4  Port = 0x8003","","","",""
"92","2021-06-15 17:42:01,654156","0c:f2:56:56:04:02","Spanning-tree-(for-bridges)_00","STP","60","RST. Root = 32768/1/0c:f2:56:24:b8:00  Cost = 4  Port = 0x8003","","","",""
"93","2021-06-15 17:42:07,120171","0c:f2:56:56:04:02","Spanning-tree-(for-bridges)_00","STP","60","RST. Root = 32768/1/0c:f2:56:24:b8:00  Cost = 4  Port = 0x8003","","","",""
"94","2021-06-15 17:42:10,280675","0c:f2:56:73:69:00","CDP/VTP/DTP/PAgP/UDLD","DTP","90","Dynamic Trunk Protocol","","","",""
"95","2021-06-15 17:42:12,078082","0c:f2:56:56:04:02","Spanning-tree-(for-bridges)_00","STP","60","RST. Root = 32768/1/0c:f2:56:24:b8:00  Cost = 4  Port = 0x8003","","","",""
"96","2021-06-15 17:42:16,680419","0c:f2:56:24:b8:00","CDP/VTP/DTP/PAgP/UDLD","DTP","90","Dynamic Trunk Protocol","","","",""
"97","2021-06-15 17:42:17,801214","0c:f2:56:56:04:02","Spanning-tree-(for-bridges)_00","STP","60","RST. Root = 32768/1/0c:f2:56:24:b8:00  Cost = 4  Port = 0x8003","","","",""
"98","2021-06-15 17:42:22,929342","0c:f2:56:56:04:02","Spanning-tree-(for-bridges)_00","STP","60","RST. Root = 32768/1/0c:f2:56:24:b8:00  Cost = 4  Port = 0x8003","","","",""
"99","2021-06-15 17:42:28,288220","0c:f2:56:56:04:02","CDP/VTP/DTP/PAgP/UDLD","DTP","60","Dynamic Trunk Protocol","","","",""
"100","2021-06-15 17:42:28,292198","0c:f2:56:56:04:02","CDP/VTP/DTP/PAgP/UDLD","DTP","90","Dynamic Trunk Protocol","","","",""
"101","2021-06-15 17:42:28,367206","0c:f2:56:56:04:02","Spanning-tree-(for-bridges)_00","STP","60","RST. Root = 32768/1/0c:f2:56:24:b8:00  Cost = 4  Port = 0x8003","","","",""
"102","2021-06-15 17:42:31,920029","0c:f2:56:56:04:02","Spanning-tree-(for-bridges)_00","STP","60","RST. Root = 32768/1/0c:f2:56:24:b8:00  Cost = 4  Port = 0x8003","","","",""
"103","2021-06-15 17:42:36,774423","0c:f2:56:56:04:02","Spanning-tree-(for-bridges)_00","STP","60","RST. Root = 32768/1/0c:f2:56:24:b8:00  Cost = 4  Port = 0x8003","","","",""
"104","2021-06-15 17:42:41,288824","0c:f2:56:56:04:02","Spanning-tree-(for-bridges)_00","STP","60","RST. Root = 32768/1/0c:f2:56:24:b8:00  Cost = 4  Port = 0x8003","","","",""
"105","2021-06-15 17:42:46,405122","0c:f2:56:56:04:02","Spanning-tree-(for-bridges)_00","STP","60","RST. Root = 32768/1/0c:f2:56:24:b8:00  Cost = 4  Port = 0x8003","","","",""
"106","2021-06-15 17:42:46,429219","0c:f2:56:56:04:02","CDP/VTP/DTP/PAgP/UDLD","CDP","411","Device ID: Switch  Port ID: GigabitEthernet0/2  ","","","",""
"107","2021-06-15 17:42:51,396221","0c:f2:56:56:04:02","Spanning-tree-(for-bridges)_00","STP","60","RST. Root = 32768/1/0c:f2:56:24:b8:00  Cost = 4  Port = 0x8003","","","",""
"108","2021-06-15 17:42:56,514103","0c:f2:56:56:04:02","Spanning-tree-(for-bridges)_00","STP","60","RST. Root = 32768/1/0c:f2:56:24:b8:00  Cost = 4  Port = 0x8003","","","",""
"109","2021-06-15 17:43:01,410001","0c:f2:56:56:04:02","Spanning-tree-(for-bridges)_00","STP","60","RST. Root = 32768/1/0c:f2:56:24:b8:00  Cost = 4  Port = 0x8003","","","",""
"110","2021-06-15 17:43:04,508619","0c:f2:56:56:04:02","Spanning-tree-(for-bridges)_00","STP","60","RST. Root = 32768/1/0c:f2:56:24:b8:00  Cost = 4  Port = 0x8003","","","",""
"111","2021-06-15 17:43:07,645616","0c:f2:56:24:b8:00","CDP/VTP/DTP/PAgP/UDLD","DTP","90","Dynamic Trunk Protocol","","","",""
"112","2021-06-15 17:43:07,804143","0c:f2:56:56:04:02","Spanning-tree-(for-bridges)_00","STP","60","RST. Root = 32768/1/0c:f2:56:24:b8:00  Cost = 4  Port = 0x8003","","","",""
"113","2021-06-15 17:43:09,584520","0c:f2:56:73:69:00","CDP/VTP/DTP/PAgP/UDLD","DTP","90","Dynamic Trunk Protocol","","","",""
"114","2021-06-15 17:43:10,950939","0c:f2:56:56:04:02","Spanning-tree-(for-bridges)_00","STP","60","RST. Root = 32768/1/0c:f2:56:24:b8:00  Cost = 4  Port = 0x8003","","","",""
"115","2021-06-15 17:43:14,186055","0c:f2:56:56:04:02","Spanning-tree-(for-bridges)_00","STP","60","RST. Root = 32768/1/0c:f2:56:24:b8:00  Cost = 4  Port = 0x8003","","","",""
"116","2021-06-15 17:43:17,146575","0c:f2:56:56:04:02","CDP/VTP/DTP/PAgP/UDLD","DTP","60","Dynamic Trunk Protocol","","","",""
"117","2021-06-15 17:43:17,154432","0c:f2:56:56:04:02","CDP/VTP/DTP/PAgP/UDLD","DTP","90","Dynamic Trunk Protocol","","","",""
"118","2021-06-15 17:43:17,226521","0c:f2:56:56:04:02","Spanning-tree-(for-bridges)_00","STP","60","RST. Root = 32768/1/0c:f2:56:24:b8:00  Cost = 4  Port = 0x8003","","","",""
"119","2021-06-15 17:43:20,609866","0c:f2:56:56:04:02","Spanning-tree-(for-bridges)_00","STP","60","RST. Root = 32768/1/0c:f2:56:24:b8:00  Cost = 4  Port = 0x8003","","","",""
"120","2021-06-15 17:43:24,155695","0c:f2:56:56:04:02","Spanning-tree-(for-bridges)_00","STP","60","RST. Root = 32768/1/0c:f2:56:24:b8:00  Cost = 4  Port = 0x8003","","","",""
"121","2021-06-15 17:43:27,063030","0c:f2:56:56:04:02","Spanning-tree-(for-bridges)_00","STP","60","RST. Root = 32768/1/0c:f2:56:24:b8:00  Cost = 4  Port = 0x8003","","","",""
"122","2021-06-15 17:43:30,272932","0c:f2:56:56:04:02","Spanning-tree-(for-bridges)_00","STP","60","RST. Root = 32768/1/0c:f2:56:24:b8:00  Cost = 4  Port = 0x8003","","","",""
"123","2021-06-15 17:43:33,909539","0c:f2:56:56:04:02","Spanning-tree-(for-bridges)_00","STP","60","RST. Root = 32768/1/0c:f2:56:24:b8:00  Cost = 4  Port = 0x8003","","","",""
"124","2021-06-15 17:43:37,108262","0c:f2:56:56:04:02","Spanning-tree-(for-bridges)_00","STP","60","RST. Root = 32768/1/0c:f2:56:24:b8:00  Cost = 4  Port = 0x8003","","","",""
"125","2021-06-15 17:43:40,468780","0c:f2:56:56:04:02","Spanning-tree-(for-bridges)_00","STP","60","RST. Root = 32768/1/0c:f2:56:24:b8:00  Cost = 4  Port = 0x8003","","","",""
"126","2021-06-15 17:43:44,226087","0c:f2:56:56:04:02","Spanning-tree-(for-bridges)_00","STP","60","RST. Root = 32768/1/0c:f2:56:24:b8:00  Cost = 4  Port = 0x8003","","","",""
"127","2021-06-15 17:43:47,639633","0c:f2:56:56:04:02","Spanning-tree-(for-bridges)_00","STP","60","RST. Root = 32768/1/0c:f2:56:24:b8:00  Cost = 4  Port = 0x8003","","","",""
"128","2021-06-15 17:43:49,048523","0c:f2:56:24:b8:00","CDP/VTP/DTP/PAgP/UDLD","DTP","90","Dynamic Trunk Protocol","","","",""
"129","2021-06-15 17:43:50,420418","0c:f2:56:56:04:02","Spanning-tree-(for-bridges)_00","STP","60","RST. Root = 32768/1/0c:f2:56:24:b8:00  Cost = 4  Port = 0x8003","","","",""
"130","2021-06-15 17:43:53,464558","0c:f2:56:56:04:02","Spanning-tree-(for-bridges)_00","STP","60","RST. Root = 32768/1/0c:f2:56:24:b8:00  Cost = 4  Port = 0x8003","","","",""
"131","2021-06-15 17:43:54,042101","0c:f2:56:73:69:00","CDP/VTP/DTP/PAgP/UDLD","DTP","90","Dynamic Trunk Protocol","","","",""
"132","2021-06-15 17:43:56,251942","0c:f2:56:56:04:02","Spanning-tree-(for-bridges)_00","STP","60","RST. Root = 32768/1/0c:f2:56:24:b8:00  Cost = 4  Port = 0x8003","","","",""
"133","2021-06-15 17:43:58,120645","0c:f2:56:56:04:02","CDP/VTP/DTP/PAgP/UDLD","DTP","60","Dynamic Trunk Protocol","","","",""
"134","2021-06-15 17:43:58,120970","0c:f2:56:56:04:02","CDP/VTP/DTP/PAgP/UDLD","DTP","90","Dynamic Trunk Protocol","","","",""
"135","2021-06-15 17:44:00,007451","0c:f2:56:56:04:02","Spanning-tree-(for-bridges)_00","STP","60","RST. Root = 32768/1/0c:f2:56:24:b8:00  Cost = 4  Port = 0x8003","","","",""
"136","2021-06-15 17:44:03,600662","0c:f2:56:56:04:02","Spanning-tree-(for-bridges)_00","STP","60","RST. Root = 32768/1/0c:f2:56:24:b8:00  Cost = 4  Port = 0x8003","","","",""
"137","2021-06-15 17:44:04,751950","0c:f2:56:56:04:02","CDP/VTP/DTP/PAgP/UDLD","CDP","411","Device ID: Switch  Port ID: GigabitEthernet0/2  ","","","",""
"138","2021-06-15 17:44:07,275138","0c:f2:56:56:04:02","Spanning-tree-(for-bridges)_00","STP","60","RST. Root = 32768/1/0c:f2:56:24:b8:00  Cost = 4  Port = 0x8003","","","",""
"139","2021-06-15 17:44:11,074166","0c:f2:56:56:04:02","Spanning-tree-(for-bridges)_00","STP","60","RST. Root = 32768/1/0c:f2:56:24:b8:00  Cost = 4  Port = 0x8003","","","",""
"140","2021-06-15 17:44:14,430802","0c:f2:56:56:04:02","Spanning-tree-(for-bridges)_00","STP","60","RST. Root = 32768/1/0c:f2:56:24:b8:00  Cost = 4  Port = 0x8003","","","",""
"141","2021-06-15 17:44:17,945709","0c:f2:56:56:04:02","Spanning-tree-(for-bridges)_00","STP","60","RST. Root = 32768/1/0c:f2:56:24:b8:00  Cost = 4  Port = 0x8003","","","",""
"142","2021-06-15 17:44:21,189455","0c:f2:56:56:04:02","Spanning-tree-(for-bridges)_00","STP","60","RST. Root = 32768/1/0c:f2:56:24:b8:00  Cost = 4  Port = 0x8003","","","",""
"143","2021-06-15 17:44:24,455292","0c:f2:56:56:04:02","Spanning-tree-(for-bridges)_00","STP","60","RST. Root = 32768/1/0c:f2:56:24:b8:00  Cost = 4  Port = 0x8003","","","",""
"144","2021-06-15 17:44:28,262998","0c:f2:56:56:04:02","Spanning-tree-(for-bridges)_00","STP","60","RST. Root = 32768/1/0c:f2:56:24:b8:00  Cost = 4  Port = 0x8003","","","",""
"145","2021-06-15 17:44:28,755436","0c:f2:56:24:b8:00","CDP/VTP/DTP/PAgP/UDLD","DTP","90","Dynamic Trunk Protocol","","","",""
"146","2021-06-15 17:44:31,747949","0c:f2:56:56:04:02","Spanning-tree-(for-bridges)_00","STP","60","RST. Root = 32768/1/0c:f2:56:24:b8:00  Cost = 4  Port = 0x8003","","","",""
"147","2021-06-15 17:44:35,512166","0c:f2:56:56:04:02","Spanning-tree-(for-bridges)_00","STP","60","RST. Root = 32768/1/0c:f2:56:24:b8:00  Cost = 4  Port = 0x8003","","","",""
"148","2021-06-15 17:44:36,415905","0c:f2:56:73:69:00","CDP/VTP/DTP/PAgP/UDLD","DTP","90","Dynamic Trunk Protocol","","","",""
"149","2021-06-15 17:44:38,111864","0c:f2:56:56:04:02","CDP/VTP/DTP/PAgP/UDLD","DTP","60","Dynamic Trunk Protocol","","","",""
"150","2021-06-15 17:44:38,113788","0c:f2:56:56:04:02","CDP/VTP/DTP/PAgP/UDLD","DTP","90","Dynamic Trunk Protocol","","","",""
"151","2021-06-15 17:44:38,797759","0c:f2:56:56:04:02","Spanning-tree-(for-bridges)_00","STP","60","RST. Root = 32768/1/0c:f2:56:24:b8:00  Cost = 4  Port = 0x8003","","","",""
"152","2021-06-15 17:44:42,495068","0c:f2:56:56:04:02","Spanning-tree-(for-bridges)_00","STP","60","RST. Root = 32768/1/0c:f2:56:24:b8:00  Cost = 4  Port = 0x8003","","","",""
"153","2021-06-15 17:44:45,802791","0c:f2:56:56:04:02","Spanning-tree-(for-bridges)_00","STP","60","RST. Root = 32768/1/0c:f2:56:24:b8:00  Cost = 4  Port = 0x8003","","","",""
"154","2021-06-15 17:44:49,129218","0c:f2:56:56:04:02","Spanning-tree-(for-bridges)_00","STP","60","RST. Root = 32768/1/0c:f2:56:24:b8:00  Cost = 4  Port = 0x8003","","","",""
"155","2021-06-15 17:44:52,884987","0c:f2:56:56:04:02","Spanning-tree-(for-bridges)_00","STP","60","RST. Root = 32768/1/0c:f2:56:24:b8:00  Cost = 4  Port = 0x8003","","","",""
"156","2021-06-15 17:44:55,968342","0c:f2:56:56:04:02","Spanning-tree-(for-bridges)_00","STP","60","RST. Root = 32768/1/0c:f2:56:24:b8:00  Cost = 4  Port = 0x8003","","","",""
"157","2021-06-15 17:44:59,336719","0c:f2:56:56:04:02","Spanning-tree-(for-bridges)_00","STP","60","RST. Root = 32768/1/0c:f2:56:24:b8:00  Cost = 4  Port = 0x8003","","","",""
"158","2021-06-15 17:45:02,886046","0c:f2:56:56:04:02","Spanning-tree-(for-bridges)_00","STP","60","RST. Root = 32768/1/0c:f2:56:24:b8:00  Cost = 4  Port = 0x8003","","","",""
"159","2021-06-15 17:45:05,971402","0c:f2:56:56:04:02","Spanning-tree-(for-bridges)_00","STP","60","RST. Root = 32768/1/0c:f2:56:24:b8:00  Cost = 4  Port = 0x8003","","","",""
"160","2021-06-15 17:45:08,496802","0c:f2:56:24:b8:00","CDP/VTP/DTP/PAgP/UDLD","DTP","90","Dynamic Trunk Protocol","","","",""
"161","2021-06-15 17:45:09,429623","0c:f2:56:56:04:02","Spanning-tree-(for-bridges)_00","STP","60","RST. Root = 32768/1/0c:f2:56:24:b8:00  Cost = 4  Port = 0x8003","","","",""
"162","2021-06-15 17:45:12,561417","0c:f2:56:56:04:02","Spanning-tree-(for-bridges)_00","STP","60","RST. Root = 32768/1/0c:f2:56:24:b8:00  Cost = 4  Port = 0x8003","","","",""
"163","2021-06-15 17:45:16,411657","0c:f2:56:56:04:02","Spanning-tree-(for-bridges)_00","STP","60","RST. Root = 32768/1/0c:f2:56:24:b8:00  Cost = 4  Port = 0x8003","","","",""
"164","2021-06-15 17:45:18,903636","0c:f2:56:56:04:02","CDP/VTP/DTP/PAgP/UDLD","DTP","60","Dynamic Trunk Protocol","","","",""
"165","2021-06-15 17:45:18,909584","0c:f2:56:56:04:02","CDP/VTP/DTP/PAgP/UDLD","DTP","90","Dynamic Trunk Protocol","","","",""
"166","2021-06-15 17:45:19,527771","0c:f2:56:56:04:02","Spanning-tree-(for-bridges)_00","STP","60","RST. Root = 32768/1/0c:f2:56:24:b8:00  Cost = 4  Port = 0x8003","","","",""
"167","2021-06-15 17:45:20,936499","0c:f2:56:73:69:00","CDP/VTP/DTP/PAgP/UDLD","DTP","90","Dynamic Trunk Protocol","","","",""
"168","2021-06-15 17:45:22,490979","0c:f2:56:56:04:02","CDP/VTP/DTP/PAgP/UDLD","CDP","411","Device ID: Switch  Port ID: GigabitEthernet0/2  ","","","",""
"169","2021-06-15 17:45:22,506938","0c:f2:56:56:04:02","Spanning-tree-(for-bridges)_00","STP","60","RST. Root = 32768/1/0c:f2:56:24:b8:00  Cost = 4  Port = 0x8003","","","",""
"170","2021-06-15 17:45:25,668882","0c:f2:56:56:04:02","Spanning-tree-(for-bridges)_00","STP","60","RST. Root = 32768/1/0c:f2:56:24:b8:00  Cost = 4  Port = 0x8003","","","",""
"171","2021-06-15 17:45:29,103241","0c:f2:56:56:04:02","Spanning-tree-(for-bridges)_00","STP","60","RST. Root = 32768/1/0c:f2:56:24:b8:00  Cost = 4  Port = 0x8003","","","",""
"172","2021-06-15 17:45:33,282769","0c:f2:56:56:04:02","Spanning-tree-(for-bridges)_00","STP","60","RST. Root = 32768/1/0c:f2:56:24:b8:00  Cost = 4  Port = 0x8003","","","",""
"173","2021-06-15 17:45:37,924500","0c:f2:56:56:04:02","Spanning-tree-(for-bridges)_00","STP","60","RST. Root = 32768/1/0c:f2:56:24:b8:00  Cost = 4  Port = 0x8003","","","",""
"174","2021-06-15 17:45:42,719152","0c:f2:56:56:04:02","Spanning-tree-(for-bridges)_00","STP","60","RST. Root = 32768/1/0c:f2:56:24:b8:00  Cost = 4  Port = 0x8003","","","",""
"175","2021-06-15 17:45:47,172473","0c:f2:56:56:04:02","Spanning-tree-(for-bridges)_00","STP","60","RST. Root = 32768/1/0c:f2:56:24:b8:00  Cost = 4  Port = 0x8003","","","",""
"176","2021-06-15 17:45:51,666088","0c:f2:56:56:04:02","Spanning-tree-(for-bridges)_00","STP","60","RST. Root = 32768/1/0c:f2:56:24:b8:00  Cost = 4  Port = 0x8003","","","",""
"177","2021-06-15 17:45:56,238977","0c:f2:56:24:b8:00","CDP/VTP/DTP/PAgP/UDLD","DTP","90","Dynamic Trunk Protocol","","","",""
"178","2021-06-15 17:45:56,559584","0c:f2:56:56:04:02","Spanning-tree-(for-bridges)_00","STP","60","RST. Root = 32768/1/0c:f2:56:24:b8:00  Cost = 4  Port = 0x8003","","","",""
"179","2021-06-15 17:46:01,462115","0c:f2:56:56:04:02","Spanning-tree-(for-bridges)_00","STP","60","RST. Root = 32768/1/0c:f2:56:24:b8:00  Cost = 4  Port = 0x8003","","","",""
"180","2021-06-15 17:46:06,175751","0c:f2:56:56:04:02","Spanning-tree-(for-bridges)_00","STP","60","RST. Root = 32768/1/0c:f2:56:24:b8:00  Cost = 4  Port = 0x8003","","","",""
"181","2021-06-15 17:46:07,955231","0c:f2:56:56:04:02","CDP/VTP/DTP/PAgP/UDLD","DTP","60","Dynamic Trunk Protocol","","","",""
"182","2021-06-15 17:46:07,955428","0c:f2:56:56:04:02","CDP/VTP/DTP/PAgP/UDLD","DTP","90","Dynamic Trunk Protocol","","","",""
"183","2021-06-15 17:46:09,647863","0c:f2:56:56:04:02","Spanning-tree-(for-bridges)_00","STP","60","RST. Root = 32768/1/0c:f2:56:24:b8:00  Cost = 4  Port = 0x8003","","","",""
"184","2021-06-15 17:46:13,088182","0c:f2:56:56:04:02","Spanning-tree-(for-bridges)_00","STP","60","RST. Root = 32768/1/0c:f2:56:24:b8:00  Cost = 4  Port = 0x8003","","","",""
"185","2021-06-15 17:46:16,702809","0c:f2:56:73:69:00","CDP/VTP/DTP/PAgP/UDLD","DTP","90","Dynamic Trunk Protocol","","","",""
"186","2021-06-15 17:46:17,104294","0c:f2:56:56:04:02","Spanning-tree-(for-bridges)_00","STP","60","RST. Root = 32768/1/0c:f2:56:24:b8:00  Cost = 4  Port = 0x8003","","","",""
"187","2021-06-15 17:46:20,816155","0c:f2:56:56:04:02","Spanning-tree-(for-bridges)_00","STP","60","RST. Root = 32768/1/0c:f2:56:24:b8:00  Cost = 4  Port = 0x8003","","","",""
"188","2021-06-15 17:46:24,575866","0c:f2:56:56:04:02","Spanning-tree-(for-bridges)_00","STP","60","RST. Root = 32768/1/0c:f2:56:24:b8:00  Cost = 4  Port = 0x8003","","","",""
"189","2021-06-15 17:46:28,970580","0c:f2:56:56:04:02","Spanning-tree-(for-bridges)_00","STP","60","RST. Root = 32768/1/0c:f2:56:24:b8:00  Cost = 4  Port = 0x8003","","","",""
"190","2021-06-15 17:46:33,741571","0c:f2:56:56:04:02","Spanning-tree-(for-bridges)_00","STP","60","RST. Root = 32768/1/0c:f2:56:24:b8:00  Cost = 4  Port = 0x8003","","","",""
"191","2021-06-15 17:46:38,554174","0c:f2:56:56:04:02","Spanning-tree-(for-bridges)_00","STP","60","RST. Root = 32768/1/0c:f2:56:24:b8:00  Cost = 4  Port = 0x8003","","","",""
"192","2021-06-15 17:46:43,609998","0c:f2:56:56:04:02","Spanning-tree-(for-bridges)_00","STP","60","RST. Root = 32768/1/0c:f2:56:24:b8:00  Cost = 4  Port = 0x8003","","","",""
"193","2021-06-15 17:46:47,290674","0c:f2:56:24:b8:00","CDP/VTP/DTP/PAgP/UDLD","DTP","90","Dynamic Trunk Protocol","","","",""
"194","2021-06-15 17:46:47,677940","0c:f2:56:56:04:02","CDP/VTP/DTP/PAgP/UDLD","CDP","411","Device ID: Switch  Port ID: GigabitEthernet0/2  ","","","",""
"195","2021-06-15 17:46:47,714301","0c:f2:56:56:04:02","Spanning-tree-(for-bridges)_00","STP","60","RST. Root = 32768/1/0c:f2:56:24:b8:00  Cost = 4  Port = 0x8003","","","",""
"196","2021-06-15 17:46:52,113549","0c:f2:56:56:04:02","Spanning-tree-(for-bridges)_00","STP","60","RST. Root = 32768/1/0c:f2:56:24:b8:00  Cost = 4  Port = 0x8003","","","",""
"197","2021-06-15 17:46:57,044535","0c:f2:56:56:04:02","Spanning-tree-(for-bridges)_00","STP","60","RST. Root = 32768/1/0c:f2:56:24:b8:00  Cost = 4  Port = 0x8003","","","",""
"198","2021-06-15 17:46:59,750490","0c:f2:56:56:04:02","CDP/VTP/DTP/PAgP/UDLD","DTP","60","Dynamic Trunk Protocol","","","",""
"199","2021-06-15 17:46:59,774100","0c:f2:56:56:04:02","CDP/VTP/DTP/PAgP/UDLD","DTP","90","Dynamic Trunk Protocol","","","",""
"200","2021-06-15 17:47:02,651715","0c:f2:56:56:04:02","Spanning-tree-(for-bridges)_00","STP","60","RST. Root = 32768/1/0c:f2:56:24:b8:00  Cost = 4  Port = 0x8003","","","",""
"201","2021-06-15 17:47:07,426799","0c:f2:56:56:04:02","Spanning-tree-(for-bridges)_00","STP","60","RST. Root = 32768/1/0c:f2:56:24:b8:00  Cost = 4  Port = 0x8003","","","",""
"202","2021-06-15 17:47:12,329005","0c:f2:56:56:04:02","Spanning-tree-(for-bridges)_00","STP","60","RST. Root = 32768/1/0c:f2:56:24:b8:00  Cost = 4  Port = 0x8003","","","",""
"203","2021-06-15 17:47:16,318160","0c:f2:56:56:04:02","Spanning-tree-(for-bridges)_00","STP","60","RST. Root = 32768/1/0c:f2:56:24:b8:00  Cost = 4  Port = 0x8003","","","",""
"204","2021-06-15 17:47:18,258013","0c:f2:56:73:69:00","CDP/VTP/DTP/PAgP/UDLD","DTP","90","Dynamic Trunk Protocol","","","",""
"205","2021-06-15 17:47:20,476803","0c:f2:56:56:04:02","Spanning-tree-(for-bridges)_00","STP","60","RST. Root = 32768/1/0c:f2:56:24:b8:00  Cost = 4  Port = 0x8003","","","",""
"206","2021-06-15 17:47:23,840543","0c:f2:56:56:04:02","Spanning-tree-(for-bridges)_00","STP","60","RST. Root = 32768/1/0c:f2:56:24:b8:00  Cost = 4  Port = 0x8003","","","",""
"207","2021-06-15 17:47:28,343278","0c:f2:56:56:04:02","Spanning-tree-(for-bridges)_00","STP","60","RST. Root = 32768/1/0c:f2:56:24:b8:00  Cost = 4  Port = 0x8003","","","",""
"208","2021-06-15 17:47:31,789027","0c:f2:56:56:04:02","Spanning-tree-(for-bridges)_00","STP","60","RST. Root = 32768/1/0c:f2:56:24:b8:00  Cost = 4  Port = 0x8003","","","",""
"209","2021-06-15 17:47:35,500805","0c:f2:56:56:04:02","Spanning-tree-(for-bridges)_00","STP","60","RST. Root = 32768/1/0c:f2:56:24:b8:00  Cost = 4  Port = 0x8003","","","",""
"210","2021-06-15 17:47:38,565031","0c:f2:56:24:b8:00","CDP/VTP/DTP/PAgP/UDLD","DTP","90","Dynamic Trunk Protocol","","","",""
"211","2021-06-15 17:47:40,411548","0c:f2:56:56:04:02","Spanning-tree-(for-bridges)_00","STP","60","RST. Root = 32768/1/0c:f2:56:24:b8:00  Cost = 4  Port = 0x8003","","","",""
"212","2021-06-15 17:47:45,305675","0c:f2:56:56:04:02","Spanning-tree-(for-bridges)_00","STP","60","RST. Root = 32768/1/0c:f2:56:24:b8:00  Cost = 4  Port = 0x8003","","","",""
"213","2021-06-15 17:47:50,375461","0c:f2:56:56:04:02","Spanning-tree-(for-bridges)_00","STP","60","RST. Root = 32768/1/0c:f2:56:24:b8:00  Cost = 4  Port = 0x8003","","","",""
"214","2021-06-15 17:47:53,037080","0c:f2:56:56:04:02","CDP/VTP/DTP/PAgP/UDLD","DTP","60","Dynamic Trunk Protocol","","","",""
"215","2021-06-15 17:47:53,047323","0c:f2:56:56:04:02","CDP/VTP/DTP/PAgP/UDLD","DTP","90","Dynamic Trunk Protocol","","","",""
"216","2021-06-15 17:47:55,588131","0c:f2:56:56:04:02","Spanning-tree-(for-bridges)_00","STP","60","RST. Root = 32768/1/0c:f2:56:24:b8:00  Cost = 4  Port = 0x8003","","","",""
"217","2021-06-15 17:48:00,243751","0c:f2:56:56:04:02","Spanning-tree-(for-bridges)_00","STP","60","RST. Root = 32768/1/0c:f2:56:24:b8:00  Cost = 4  Port = 0x8003","","","",""
"218","2021-06-15 17:48:05,435312","0c:f2:56:56:04:02","Spanning-tree-(for-bridges)_00","STP","60","RST. Root = 32768/1/0c:f2:56:24:b8:00  Cost = 4  Port = 0x8003","","","",""
"219","2021-06-15 17:48:10,978554","0c:f2:56:56:04:02","Spanning-tree-(for-bridges)_00","STP","60","RST. Root = 32768/1/0c:f2:56:24:b8:00  Cost = 4  Port = 0x8003","","","",""
"220","2021-06-15 17:48:16,517764","0c:f2:56:56:04:02","Spanning-tree-(for-bridges)_00","STP","60","RST. Root = 32768/1/0c:f2:56:24:b8:00  Cost = 4  Port = 0x8003","","","",""
"221","2021-06-15 17:48:16,556006","0c:f2:56:56:04:02","CDP/VTP/DTP/PAgP/UDLD","CDP","411","Device ID: Switch  Port ID: GigabitEthernet0/2  ","","","",""
"222","2021-06-15 17:48:20,538609","0c:f2:56:56:04:02","Spanning-tree-(for-bridges)_00","STP","60","RST. Root = 32768/1/0c:f2:56:24:b8:00  Cost = 4  Port = 0x8003","","","",""
"223","2021-06-15 17:48:21,000059","0c:f2:56:73:69:00","CDP/VTP/DTP/PAgP/UDLD","DTP","90","Dynamic Trunk Protocol","","","",""
"224","2021-06-15 17:48:25,116890","0c:f2:56:56:04:02","Spanning-tree-(for-bridges)_00","STP","60","RST. Root = 32768/1/0c:f2:56:24:b8:00  Cost = 4  Port = 0x8003","","","",""
"225","2021-06-15 17:48:29,903060","0c:f2:56:56:04:02","Spanning-tree-(for-bridges)_00","STP","60","RST. Root = 32768/1/0c:f2:56:24:b8:00  Cost = 4  Port = 0x8003","","","",""
"226","2021-06-15 17:48:32,848585","0c:f2:56:24:b8:00","CDP/VTP/DTP/PAgP/UDLD","DTP","90","Dynamic Trunk Protocol","","","",""
"227","2021-06-15 17:48:34,471640","0c:f2:56:56:04:02","Spanning-tree-(for-bridges)_00","STP","60","RST. Root = 32768/1/0c:f2:56:24:b8:00  Cost = 4  Port = 0x8003","","","",""
"228","2021-06-15 17:48:39,732222","0c:f2:56:56:04:02","Spanning-tree-(for-bridges)_00","STP","60","RST. Root = 32768/1/0c:f2:56:24:b8:00  Cost = 4  Port = 0x8003","","","",""
"229","2021-06-15 17:48:44,305151","0c:f2:56:56:04:02","Spanning-tree-(for-bridges)_00","STP","60","RST. Root = 32768/1/0c:f2:56:24:b8:00  Cost = 4  Port = 0x8003","","","",""
"230","2021-06-15 17:48:46,377642","0c:f2:56:56:04:02","CDP/VTP/DTP/PAgP/UDLD","DTP","60","Dynamic Trunk Protocol","","","",""
"231","2021-06-15 17:48:46,377828","0c:f2:56:56:04:02","CDP/VTP/DTP/PAgP/UDLD","DTP","90","Dynamic Trunk Protocol","","","",""
"232","2021-06-15 17:48:48,287500","0c:f2:56:56:04:02","Spanning-tree-(for-bridges)_00","STP","60","RST. Root = 32768/1/0c:f2:56:24:b8:00  Cost = 4  Port = 0x8003","","","",""
"233","2021-06-15 17:48:51,921945","0c:f2:56:56:04:02","Spanning-tree-(for-bridges)_00","STP","60","RST. Root = 32768/1/0c:f2:56:24:b8:00  Cost = 4  Port = 0x8003","","","",""
"234","2021-06-15 17:48:55,723236","0c:f2:56:56:04:02","Spanning-tree-(for-bridges)_00","STP","60","RST. Root = 32768/1/0c:f2:56:24:b8:00  Cost = 4  Port = 0x8003","","","",""
"235","2021-06-15 17:48:59,401317","0c:f2:56:56:04:02","Spanning-tree-(for-bridges)_00","STP","60","RST. Root = 32768/1/0c:f2:56:24:b8:00  Cost = 4  Port = 0x8003","","","",""
"236","2021-06-15 17:49:03,995751","0c:f2:56:56:04:02","Spanning-tree-(for-bridges)_00","STP","60","RST. Root = 32768/1/0c:f2:56:24:b8:00  Cost = 4  Port = 0x8003","","","",""
"237","2021-06-15 17:49:09,187015","0c:f2:56:56:04:02","Spanning-tree-(for-bridges)_00","STP","60","RST. Root = 32768/1/0c:f2:56:24:b8:00  Cost = 4  Port = 0x8003","","","",""
"238","2021-06-15 17:49:15,114449","0c:f2:56:56:04:02","Spanning-tree-(for-bridges)_00","STP","60","RST. Root = 32768/1/0c:f2:56:24:b8:00  Cost = 4  Port = 0x8003","","","",""
"239","2021-06-15 17:49:15,743073","0c:f2:56:73:69:00","Broadcast","ARP","60","Gratuitous ARP for 192.168.123.254 (Reply)","","","",""
"240","2021-06-15 17:49:16,336205","0c:f2:56:73:69:00","Broadcast","ARP","60","Gratuitous ARP for 192.168.123.254 (Reply)","","","",""
"241","2021-06-15 17:49:21,242462","0c:f2:56:56:04:02","Spanning-tree-(for-bridges)_00","STP","60","RST. Root = 32768/1/0c:f2:56:24:b8:00  Cost = 4  Port = 0x8003","","","",""
"242","2021-06-15 17:49:23,692100","0c:f2:56:24:b8:00","CDP/VTP/DTP/PAgP/UDLD","DTP","90","Dynamic Trunk Protocol","","","",""
"243","2021-06-15 17:49:25,364847","0c:f2:56:56:04:02","Spanning-tree-(for-bridges)_00","STP","60","RST. Root = 32768/1/0c:f2:56:24:b8:00  Cost = 4  Port = 0x8003","","","",""
"244","2021-06-15 17:49:30,527878","0c:f2:56:56:04:02","Spanning-tree-(for-bridges)_00","STP","60","RST. Root = 32768/1/0c:f2:56:24:b8:00  Cost = 4  Port = 0x8003","","","",""
"245","2021-06-15 17:49:36,273697","0c:f2:56:56:04:02","Spanning-tree-(for-bridges)_00","STP","60","RST. Root = 32768/1/0c:f2:56:24:b8:00  Cost = 4  Port = 0x8003","","","",""
"246","2021-06-15 17:49:39,009415","0c:f2:56:56:04:02","CDP/VTP/DTP/PAgP/UDLD","DTP","60","Dynamic Trunk Protocol","","","",""
"247","2021-06-15 17:49:39,024882","0c:f2:56:56:04:02","CDP/VTP/DTP/PAgP/UDLD","DTP","90","Dynamic Trunk Protocol","","","",""
"248","2021-06-15 17:49:41,641010","0c:f2:56:56:04:02","Spanning-tree-(for-bridges)_00","STP","60","RST. Root = 32768/1/0c:f2:56:24:b8:00  Cost = 4  Port = 0x8003","","","",""
"249","2021-06-15 17:49:43,152106","0c:f2:56:56:04:02","CDP/VTP/DTP/PAgP/UDLD","CDP","411","Device ID: Switch  Port ID: GigabitEthernet0/2  ","","","",""
"250","2021-06-15 17:49:47,207320","0c:f2:56:56:04:02","Spanning-tree-(for-bridges)_00","STP","60","RST. Root = 32768/1/0c:f2:56:24:b8:00  Cost = 4  Port = 0x8003","","","",""
"251","2021-06-15 17:49:52,184727","0c:f2:56:56:04:02","Spanning-tree-(for-bridges)_00","STP","60","RST. Root = 32768/1/0c:f2:56:24:b8:00  Cost = 4  Port = 0x8003","","","",""
"252","2021-06-15 17:49:57,650193","0c:f2:56:56:04:02","Spanning-tree-(for-bridges)_00","STP","60","RST. Root = 32768/1/0c:f2:56:24:b8:00  Cost = 4  Port = 0x8003","","","",""
"253","2021-06-15 17:50:02,952238","0c:f2:56:56:04:02","Spanning-tree-(for-bridges)_00","STP","60","RST. Root = 32768/1/0c:f2:56:24:b8:00  Cost = 4  Port = 0x8003","","","",""
"254","2021-06-15 17:50:08,369746","0c:f2:56:56:04:02","Spanning-tree-(for-bridges)_00","STP","60","RST. Root = 32768/1/0c:f2:56:24:b8:00  Cost = 4  Port = 0x8003","","","",""
"255","2021-06-15 17:50:13,885010","0c:f2:56:56:04:02","Spanning-tree-(for-bridges)_00","STP","60","RST. Root = 32768/1/0c:f2:56:24:b8:00  Cost = 4  Port = 0x8003","","","",""
"256","2021-06-15 17:50:19,752146","0c:f2:56:56:04:02","Spanning-tree-(for-bridges)_00","STP","60","RST. Root = 32768/1/0c:f2:56:24:b8:00  Cost = 4  Port = 0x8003","","","",""
"257","2021-06-15 17:50:20,262122","0c:f2:56:24:b8:00","CDP/VTP/DTP/PAgP/UDLD","DTP","90","Dynamic Trunk Protocol","","","",""
"258","2021-06-15 17:50:24,288212","0c:f2:56:56:04:02","Spanning-tree-(for-bridges)_00","STP","60","RST. Root = 32768/1/0c:f2:56:24:b8:00  Cost = 4  Port = 0x8003","","","",""
"259","2021-06-15 17:50:29,380703","0c:f2:56:56:04:02","Spanning-tree-(for-bridges)_00","STP","60","RST. Root = 32768/1/0c:f2:56:24:b8:00  Cost = 4  Port = 0x8003","","","",""
"260","2021-06-15 17:50:34,634422","0c:f2:56:56:04:02","Spanning-tree-(for-bridges)_00","STP","60","RST. Root = 32768/1/0c:f2:56:24:b8:00  Cost = 4  Port = 0x8003","","","",""
"261","2021-06-15 17:50:34,706085","0c:f2:56:56:04:02","CDP/VTP/DTP/PAgP/UDLD","DTP","60","Dynamic Trunk Protocol","","","",""
"262","2021-06-15 17:50:34,727221","0c:f2:56:56:04:02","CDP/VTP/DTP/PAgP/UDLD","DTP","90","Dynamic Trunk Protocol","","","",""
"263","2021-06-15 17:50:40,237799","0c:f2:56:56:04:02","Spanning-tree-(for-bridges)_00","STP","60","RST. Root = 32768/1/0c:f2:56:24:b8:00  Cost = 4  Port = 0x8003","","","",""
"264","2021-06-15 17:50:45,778378","0c:f2:56:56:04:02","Spanning-tree-(for-bridges)_00","STP","60","RST. Root = 32768/1/0c:f2:56:24:b8:00  Cost = 4  Port = 0x8003","","","",""
"265","2021-06-15 17:50:48,274413","192.168.123.254","255.255.255.255","DNS","82","Standard query 0x0002 A devicehelper.cisco.com","","","",""
"266","2021-06-15 17:50:50,619814","0c:f2:56:56:04:02","Spanning-tree-(for-bridges)_00","STP","60","RST. Root = 32768/1/0c:f2:56:24:b8:00  Cost = 4  Port = 0x8003","","","",""
"267","2021-06-15 17:50:54,262628","192.168.123.254","255.255.255.255","DNS","82","Standard query 0x0002 A devicehelper.cisco.com","","","",""
"268","2021-06-15 17:50:54,961721","0c:f2:56:56:04:02","Spanning-tree-(for-bridges)_00","STP","60","RST. Root = 32768/1/0c:f2:56:24:b8:00  Cost = 4  Port = 0x8003","","","",""
"269","2021-06-15 17:51:00,257901","0c:f2:56:56:04:02","Spanning-tree-(for-bridges)_00","STP","60","RST. Root = 32768/1/0c:f2:56:24:b8:00  Cost = 4  Port = 0x8003","","","",""
"270","2021-06-15 17:51:01,645628","192.168.123.254","255.255.255.255","DNS","82","Standard query 0x0002 A devicehelper.cisco.com","","","",""
"271","2021-06-15 17:51:04,245342","0c:f2:56:56:04:02","Spanning-tree-(for-bridges)_00","STP","60","RST. Root = 32768/1/0c:f2:56:24:b8:00  Cost = 4  Port = 0x8003","","","",""
"272","2021-06-15 17:51:08,870203","0c:f2:56:56:04:02","Spanning-tree-(for-bridges)_00","STP","60","RST. Root = 32768/1/0c:f2:56:24:b8:00  Cost = 4  Port = 0x8003","","","",""
"273","2021-06-15 17:51:10,390556","0c:f2:56:56:04:02","CDP/VTP/DTP/PAgP/UDLD","CDP","411","Device ID: Switch  Port ID: GigabitEthernet0/2  ","","","",""
"274","2021-06-15 17:51:12,830619","0c:f2:56:24:b8:00","CDP/VTP/DTP/PAgP/UDLD","DTP","90","Dynamic Trunk Protocol","","","",""
"275","2021-06-15 17:51:12,923068","0c:f2:56:56:04:02","Spanning-tree-(for-bridges)_00","STP","60","RST. Root = 32768/1/0c:f2:56:24:b8:00  Cost = 4  Port = 0x8003","","","",""
"276","2021-06-15 17:51:17,613167","0c:f2:56:56:04:02","Spanning-tree-(for-bridges)_00","STP","60","RST. Root = 32768/1/0c:f2:56:24:b8:00  Cost = 4  Port = 0x8003","","","",""
"277","2021-06-15 17:51:18,365162","192.168.123.254","255.255.255.255","UDP","120","51362  >  10067 Len=78","","","",""
"278","2021-06-15 17:51:21,838417","0c:f2:56:56:04:02","Spanning-tree-(for-bridges)_00","STP","60","RST. Root = 32768/1/0c:f2:56:24:b8:00  Cost = 4  Port = 0x8003","","","",""
"279","2021-06-15 17:51:25,142991","0c:f2:56:56:04:02","Spanning-tree-(for-bridges)_00","STP","60","RST. Root = 32768/1/0c:f2:56:24:b8:00  Cost = 4  Port = 0x8003","","","",""
"280","2021-06-15 17:51:26,044579","0c:f2:56:56:04:02","CDP/VTP/DTP/PAgP/UDLD","DTP","60","Dynamic Trunk Protocol","","","",""
"281","2021-06-15 17:51:26,045769","0c:f2:56:56:04:02","CDP/VTP/DTP/PAgP/UDLD","DTP","90","Dynamic Trunk Protocol","","","",""
"282","2021-06-15 17:51:29,759024","0c:f2:56:56:04:02","Spanning-tree-(for-bridges)_00","STP","60","RST. Root = 32768/1/0c:f2:56:24:b8:00  Cost = 4  Port = 0x8003","","","",""
"283","2021-06-15 17:51:34,528544","0c:f2:56:56:04:02","Spanning-tree-(for-bridges)_00","STP","60","RST. Root = 32768/1/0c:f2:56:24:b8:00  Cost = 4  Port = 0x8003","","","",""
"284","2021-06-15 17:51:38,057169","0c:f2:56:56:04:02","Spanning-tree-(for-bridges)_00","STP","60","RST. Root = 32768/1/0c:f2:56:24:b8:00  Cost = 4  Port = 0x8003","","","",""
"285","2021-06-15 17:51:41,735721","0c:f2:56:56:04:02","Spanning-tree-(for-bridges)_00","STP","60","RST. Root = 32768/1/0c:f2:56:24:b8:00  Cost = 4  Port = 0x8003","","","",""
"286","2021-06-15 17:51:45,302828","0c:f2:56:56:04:02","Spanning-tree-(for-bridges)_00","STP","60","RST. Root = 32768/1/0c:f2:56:24:b8:00  Cost = 4  Port = 0x8003","","","",""
"287","2021-06-15 17:51:49,324047","0c:f2:56:56:04:02","Spanning-tree-(for-bridges)_00","STP","60","RST. Root = 32768/1/0c:f2:56:24:b8:00  Cost = 4  Port = 0x8003","","","",""
"288","2021-06-15 17:51:54,565250","0c:f2:56:56:04:02","Spanning-tree-(for-bridges)_00","STP","60","RST. Root = 32768/1/0c:f2:56:24:b8:00  Cost = 4  Port = 0x8003","","","",""
"289","2021-06-15 17:51:59,829698","0c:f2:56:56:04:02","Spanning-tree-(for-bridges)_00","STP","60","RST. Root = 32768/1/0c:f2:56:24:b8:00  Cost = 4  Port = 0x8003","","","",""
"290","2021-06-15 17:52:02,471747","0c:f2:56:24:b8:00","CDP/VTP/DTP/PAgP/UDLD","DTP","90","Dynamic Trunk Protocol","","","",""
"291","2021-06-15 17:52:05,792318","0c:f2:56:56:04:02","Spanning-tree-(for-bridges)_00","STP","60","RST. Root = 32768/1/0c:f2:56:24:b8:00  Cost = 4  Port = 0x8003","","","",""
"292","2021-06-15 17:52:10,182816","0c:f2:56:56:04:02","Spanning-tree-(for-bridges)_00","STP","60","RST. Root = 32768/1/0c:f2:56:24:b8:00  Cost = 4  Port = 0x8003","","","",""
"293","2021-06-15 17:52:15,177453","0c:f2:56:56:04:02","Spanning-tree-(for-bridges)_00","STP","60","RST. Root = 32768/1/0c:f2:56:24:b8:00  Cost = 4  Port = 0x8003","","","",""
"294","2021-06-15 17:52:17,936296","0c:f2:56:56:04:02","CDP/VTP/DTP/PAgP/UDLD","DTP","60","Dynamic Trunk Protocol","","","",""
"295","2021-06-15 17:52:17,945760","0c:f2:56:56:04:02","CDP/VTP/DTP/PAgP/UDLD","DTP","90","Dynamic Trunk Protocol","","","",""
"296","2021-06-15 17:52:19,994672","0c:f2:56:56:04:02","Spanning-tree-(for-bridges)_00","STP","60","RST. Root = 32768/1/0c:f2:56:24:b8:00  Cost = 4  Port = 0x8003","","","",""
"297","2021-06-15 17:52:24,115903","0c:f2:56:56:04:02","Spanning-tree-(for-bridges)_00","STP","60","RST. Root = 32768/1/0c:f2:56:24:b8:00  Cost = 4  Port = 0x8003","","","",""
"298","2021-06-15 17:52:27,650638","0c:f2:56:56:04:02","Spanning-tree-(for-bridges)_00","STP","60","RST. Root = 32768/1/0c:f2:56:24:b8:00  Cost = 4  Port = 0x8003","","","",""
"299","2021-06-15 17:52:30,968021","0c:f2:56:56:04:02","Spanning-tree-(for-bridges)_00","STP","60","RST. Root = 32768/1/0c:f2:56:24:b8:00  Cost = 4  Port = 0x8003","","","",""
"300","2021-06-15 17:52:33,324336","0c:f2:56:56:04:02","CDP/VTP/DTP/PAgP/UDLD","CDP","411","Device ID: Switch  Port ID: GigabitEthernet0/2  ","","","",""
"301","2021-06-15 17:52:34,350478","0c:f2:56:56:04:02","Spanning-tree-(for-bridges)_00","STP","60","RST. Root = 32768/1/0c:f2:56:24:b8:00  Cost = 4  Port = 0x8003","","","",""
"302","2021-06-15 17:52:37,933911","0c:f2:56:56:04:02","Spanning-tree-(for-bridges)_00","STP","60","RST. Root = 32768/1/0c:f2:56:24:b8:00  Cost = 4  Port = 0x8003","","","",""
"303","2021-06-15 17:52:40,957394","0c:f2:56:56:04:02","Spanning-tree-(for-bridges)_00","STP","60","RST. Root = 32768/1/0c:f2:56:24:b8:00  Cost = 4  Port = 0x8003","","","",""
"304","2021-06-15 17:52:44,378294","0c:f2:56:56:04:02","Spanning-tree-(for-bridges)_00","STP","60","RST. Root = 32768/1/0c:f2:56:24:b8:00  Cost = 4  Port = 0x8003","","","",""
"305","2021-06-15 17:52:47,015602","0c:f2:56:56:04:02","Spanning-tree-(for-bridges)_00","STP","60","RST. Root = 32768/1/0c:f2:56:24:b8:00  Cost = 4  Port = 0x8003","","","",""
"306","2021-06-15 17:52:49,882357","0c:f2:56:56:04:02","Spanning-tree-(for-bridges)_00","STP","60","RST. Root = 32768/1/0c:f2:56:24:b8:00  Cost = 4  Port = 0x8003","","","",""
"307","2021-06-15 17:52:53,228891","0c:f2:56:56:04:02","Spanning-tree-(for-bridges)_00","STP","60","RST. Root = 32768/1/0c:f2:56:24:b8:00  Cost = 4  Port = 0x8003","","","",""
"308","2021-06-15 17:52:55,655696","0c:f2:56:24:b8:00","CDP/VTP/DTP/PAgP/UDLD","DTP","90","Dynamic Trunk Protocol","","","",""
"309","2021-06-15 17:52:56,683601","0c:f2:56:56:04:02","Spanning-tree-(for-bridges)_00","STP","60","RST. Root = 32768/1/0c:f2:56:24:b8:00  Cost = 4  Port = 0x8003","","","",""
"310","2021-06-15 17:52:59,752596","0c:f2:56:56:04:02","Spanning-tree-(for-bridges)_00","STP","60","RST. Root = 32768/1/0c:f2:56:24:b8:00  Cost = 4  Port = 0x8003","","","",""
"311","2021-06-15 17:53:02,826137","0c:f2:56:56:04:02","Spanning-tree-(for-bridges)_00","STP","60","RST. Root = 32768/1/0c:f2:56:24:b8:00  Cost = 4  Port = 0x8003","","","",""
"312","2021-06-15 17:53:06,010127","0c:f2:56:56:04:02","Spanning-tree-(for-bridges)_00","STP","60","RST. Root = 32768/1/0c:f2:56:24:b8:00  Cost = 4  Port = 0x8003","","","",""
"313","2021-06-15 17:53:06,354494","0c:f2:56:56:04:02","CDP/VTP/DTP/PAgP/UDLD","DTP","60","Dynamic Trunk Protocol","","","",""
"314","2021-06-15 17:53:06,356265","0c:f2:56:56:04:02","CDP/VTP/DTP/PAgP/UDLD","DTP","90","Dynamic Trunk Protocol","","","",""
"315","2021-06-15 17:53:09,405866","0c:f2:56:56:04:02","Spanning-tree-(for-bridges)_00","STP","60","RST. Root = 32768/1/0c:f2:56:24:b8:00  Cost = 4  Port = 0x8003","","","",""
"316","2021-06-15 17:53:12,970249","0c:f2:56:56:04:02","Spanning-tree-(for-bridges)_00","STP","60","RST. Root = 32768/1/0c:f2:56:24:b8:00  Cost = 4  Port = 0x8003","","","",""
"317","2021-06-15 17:53:16,741135","0c:f2:56:56:04:02","Spanning-tree-(for-bridges)_00","STP","60","RST. Root = 32768/1/0c:f2:56:24:b8:00  Cost = 4  Port = 0x8003","","","",""
"318","2021-06-15 17:53:18,889122","0c:f2:56:56:04:02","Spanning-tree-(for-bridges)_00","STP","60","RST. Root = 32768/1/0c:f2:56:56:04:00  Cost = 0  Port = 0x8003","","","",""
"319","2021-06-15 17:53:19,078067","0c:f2:56:24:b8:00","Broadcast","ARP","60","Gratuitous ARP for 192.168.123.253 (Reply)","","","",""
"320","2021-06-15 17:53:20,044864","192.168.123.254","255.255.255.255","UDP","263","59857  >  10067 Len=221","","","",""
"321","2021-06-15 17:53:20,450060","0c:f2:56:56:04:02","Spanning-tree-(for-bridges)_00","STP","60","RST. Root = 32768/1/0c:f2:56:56:04:00  Cost = 0  Port = 0x8003","","","",""
"322","2021-06-15 17:53:24,152591","0c:f2:56:56:04:02","Spanning-tree-(for-bridges)_00","STP","60","RST. Root = 32768/1/0c:f2:56:56:04:00  Cost = 0  Port = 0x8003","","","",""
"323","2021-06-15 17:53:27,911215","0c:f2:56:56:04:02","Spanning-tree-(for-bridges)_00","STP","60","RST. Root = 32768/1/0c:f2:56:56:04:00  Cost = 0  Port = 0x8003","","","",""
"324","2021-06-15 17:53:31,625547","0c:f2:56:56:04:02","Spanning-tree-(for-bridges)_00","STP","60","RST. Root = 32768/1/0c:f2:56:56:04:00  Cost = 0  Port = 0x8003","","","",""
"325","2021-06-15 17:53:35,459461","0c:f2:56:56:04:02","Spanning-tree-(for-bridges)_00","STP","60","RST. Root = 32768/1/0c:f2:56:56:04:00  Cost = 0  Port = 0x8003","","","",""
"326","2021-06-15 17:53:39,244705","0c:f2:56:56:04:02","Spanning-tree-(for-bridges)_00","STP","60","RST. Root = 32768/1/0c:f2:56:56:04:00  Cost = 0  Port = 0x8003","","","",""
"327","2021-06-15 17:53:43,157709","0c:f2:56:56:04:02","Spanning-tree-(for-bridges)_00","STP","60","RST. Root = 32768/1/0c:f2:56:56:04:00  Cost = 0  Port = 0x8003","","","",""
"328","2021-06-15 17:53:47,034323","0c:f2:56:56:04:02","Spanning-tree-(for-bridges)_00","STP","60","RST. Root = 32768/1/0c:f2:56:56:04:00  Cost = 0  Port = 0x8003","","","",""
"329","2021-06-15 17:53:50,675474","0c:f2:56:56:04:02","Spanning-tree-(for-bridges)_00","STP","60","RST. Root = 32768/1/0c:f2:56:56:04:00  Cost = 0  Port = 0x8003","","","",""
"330","2021-06-15 17:53:54,491367","0c:f2:56:56:04:02","Spanning-tree-(for-bridges)_00","STP","60","RST. Root = 32768/1/0c:f2:56:56:04:00  Cost = 0  Port = 0x8003","","","",""
"331","2021-06-15 17:53:57,681104","0c:f2:56:56:04:02","Spanning-tree-(for-bridges)_00","STP","60","RST. Root = 32768/1/0c:f2:56:56:04:00  Cost = 0  Port = 0x8003","","","",""
"332","2021-06-15 17:54:00,755872","0c:f2:56:56:04:02","CDP/VTP/DTP/PAgP/UDLD","DTP","60","Dynamic Trunk Protocol","","","",""
"333","2021-06-15 17:54:00,770273","0c:f2:56:56:04:02","CDP/VTP/DTP/PAgP/UDLD","DTP","90","Dynamic Trunk Protocol","","","",""
"334","2021-06-15 17:54:00,954582","0c:f2:56:56:04:02","Spanning-tree-(for-bridges)_00","STP","60","RST. Root = 32768/1/0c:f2:56:56:04:00  Cost = 0  Port = 0x8003","","","",""
"335","2021-06-15 17:54:03,776442","0c:f2:56:56:04:02","Spanning-tree-(for-bridges)_00","STP","60","RST. Root = 32768/1/0c:f2:56:56:04:00  Cost = 0  Port = 0x8003","","","",""
"336","2021-06-15 17:54:07,050835","0c:f2:56:56:04:02","Spanning-tree-(for-bridges)_00","STP","60","RST. Root = 32768/1/0c:f2:56:56:04:00  Cost = 0  Port = 0x8003","","","",""
"337","2021-06-15 17:54:10,848029","0c:f2:56:56:04:02","Spanning-tree-(for-bridges)_00","STP","60","RST. Root = 32768/1/0c:f2:56:56:04:00  Cost = 0  Port = 0x8003","","","",""
"338","2021-06-15 17:54:14,251046","0c:f2:56:56:04:02","CDP/VTP/DTP/PAgP/UDLD","CDP","411","Device ID: Switch  Port ID: GigabitEthernet0/2  ","","","",""
"339","2021-06-15 17:54:14,740656","0c:f2:56:56:04:02","Spanning-tree-(for-bridges)_00","STP","60","RST. Root = 32768/1/0c:f2:56:56:04:00  Cost = 0  Port = 0x8003","","","",""
"340","2021-06-15 17:54:18,227652","0c:f2:56:56:04:02","Spanning-tree-(for-bridges)_00","STP","60","RST. Root = 32768/1/0c:f2:56:56:04:00  Cost = 0  Port = 0x8003","","","",""
"341","2021-06-15 17:54:21,232730","0c:f2:56:56:04:02","Spanning-tree-(for-bridges)_00","STP","60","RST. Root = 32768/1/0c:f2:56:56:04:00  Cost = 0  Port = 0x8003","","","",""
"342","2021-06-15 17:54:24,606525","0c:f2:56:56:04:02","Spanning-tree-(for-bridges)_00","STP","60","RST. Root = 32768/1/0c:f2:56:56:04:00  Cost = 0  Port = 0x8003","","","",""
"343","2021-06-15 17:54:28,086146","0c:f2:56:56:04:02","Spanning-tree-(for-bridges)_00","STP","60","RST. Root = 32768/1/0c:f2:56:56:04:00  Cost = 0  Port = 0x8003","","","",""
"344","2021-06-15 17:54:31,539361","0c:f2:56:56:04:02","Spanning-tree-(for-bridges)_00","STP","60","RST. Root = 32768/1/0c:f2:56:56:04:00  Cost = 0  Port = 0x8003","","","",""
"345","2021-06-15 17:54:34,950578","0c:f2:56:56:04:02","Spanning-tree-(for-bridges)_00","STP","60","RST. Root = 32768/1/0c:f2:56:56:04:00  Cost = 0  Port = 0x8003","","","",""
"346","2021-06-15 17:54:37,538621","0c:f2:56:56:04:02","Spanning-tree-(for-bridges)_00","STP","60","RST. Root = 32768/1/0c:f2:56:56:04:00  Cost = 0  Port = 0x8003","","","",""
"347","2021-06-15 17:54:40,804532","0c:f2:56:56:04:02","Spanning-tree-(for-bridges)_00","STP","60","RST. Root = 32768/1/0c:f2:56:56:04:00  Cost = 0  Port = 0x8003","","","",""
"348","2021-06-15 17:54:44,384005","0c:f2:56:56:04:02","Spanning-tree-(for-bridges)_00","STP","60","RST. Root = 32768/1/0c:f2:56:56:04:00  Cost = 0  Port = 0x8003","","","",""
"349","2021-06-15 17:54:48,231361","0c:f2:56:56:04:02","Spanning-tree-(for-bridges)_00","STP","60","RST. Root = 32768/1/0c:f2:56:56:04:00  Cost = 0  Port = 0x8003","","","",""
"350","2021-06-15 17:54:51,311470","0c:f2:56:56:04:02","CDP/VTP/DTP/PAgP/UDLD","DTP","60","Dynamic Trunk Protocol","","","",""
"351","2021-06-15 17:54:51,312185","0c:f2:56:56:04:02","CDP/VTP/DTP/PAgP/UDLD","DTP","90","Dynamic Trunk Protocol","","","",""
"352","2021-06-15 17:54:52,066778","0c:f2:56:56:04:02","Spanning-tree-(for-bridges)_00","STP","60","RST. Root = 32768/1/0c:f2:56:56:04:00  Cost = 0  Port = 0x8003","","","",""
"353","2021-06-15 17:54:55,582588","0c:f2:56:56:04:02","Spanning-tree-(for-bridges)_00","STP","60","RST. Root = 32768/1/0c:f2:56:56:04:00  Cost = 0  Port = 0x8003","","","",""
"354","2021-06-15 17:54:59,095440","0c:f2:56:56:04:02","Spanning-tree-(for-bridges)_00","STP","60","RST. Root = 32768/1/0c:f2:56:56:04:00  Cost = 0  Port = 0x8003","","","",""
"355","2021-06-15 17:55:01,906162","0c:f2:56:56:04:02","Spanning-tree-(for-bridges)_00","STP","60","RST. Root = 32768/1/0c:f2:56:56:04:00  Cost = 0  Port = 0x8003","","","",""
"356","2021-06-15 17:55:05,330434","0c:f2:56:56:04:02","Spanning-tree-(for-bridges)_00","STP","60","RST. Root = 32768/1/0c:f2:56:56:04:00  Cost = 0  Port = 0x8003","","","",""
"357","2021-06-15 17:55:08,838316","0c:f2:56:56:04:02","Spanning-tree-(for-bridges)_00","STP","60","RST. Root = 32768/1/0c:f2:56:56:04:00  Cost = 0  Port = 0x8003","","","",""
"358","2021-06-15 17:55:12,297158","0c:f2:56:56:04:02","Spanning-tree-(for-bridges)_00","STP","60","RST. Root = 32768/1/0c:f2:56:56:04:00  Cost = 0  Port = 0x8003","","","",""
"359","2021-06-15 17:55:15,207610","0c:f2:56:56:04:02","Spanning-tree-(for-bridges)_00","STP","60","RST. Root = 32768/1/0c:f2:56:56:04:00  Cost = 0  Port = 0x8003","","","",""
"360","2021-06-15 17:55:18,612209","0c:f2:56:56:04:02","Spanning-tree-(for-bridges)_00","STP","60","RST. Root = 32768/1/0c:f2:56:56:04:00  Cost = 0  Port = 0x8003","","","",""
"361","2021-06-15 17:55:22,129829","0c:f2:56:56:04:02","Spanning-tree-(for-bridges)_00","STP","60","RST. Root = 32768/1/0c:f2:56:56:04:00  Cost = 0  Port = 0x8003","","","",""
"362","2021-06-15 17:55:25,573463","0c:f2:56:56:04:02","Spanning-tree-(for-bridges)_00","STP","60","RST. Root = 32768/1/0c:f2:56:56:04:00  Cost = 0  Port = 0x8003","","","",""
"363","2021-06-15 17:55:29,384132","0c:f2:56:56:04:02","Spanning-tree-(for-bridges)_00","STP","60","RST. Root = 32768/1/0c:f2:56:56:04:00  Cost = 0  Port = 0x8003","","","",""
"364","2021-06-15 17:55:33,066295","0c:f2:56:56:04:02","Spanning-tree-(for-bridges)_00","STP","60","RST. Root = 32768/1/0c:f2:56:56:04:00  Cost = 0  Port = 0x8003","","","",""
"365","2021-06-15 17:55:36,748660","0c:f2:56:56:04:02","Spanning-tree-(for-bridges)_00","STP","60","RST. Root = 32768/1/0c:f2:56:56:04:00  Cost = 0  Port = 0x8003","","","",""
"366","2021-06-15 17:55:40,349013","0c:f2:56:56:04:02","Spanning-tree-(for-bridges)_00","STP","60","RST. Root = 32768/1/0c:f2:56:56:04:00  Cost = 0  Port = 0x8003","","","",""
"367","2021-06-15 17:55:42,676695","0c:f2:56:56:04:02","CDP/VTP/DTP/PAgP/UDLD","DTP","60","Dynamic Trunk Protocol","","","",""
"368","2021-06-15 17:55:42,691620","0c:f2:56:56:04:02","CDP/VTP/DTP/PAgP/UDLD","DTP","90","Dynamic Trunk Protocol","","","",""
"369","2021-06-15 17:55:43,773824","0c:f2:56:56:04:02","CDP/VTP/DTP/PAgP/UDLD","CDP","411","Device ID: Switch  Port ID: GigabitEthernet0/2  ","","","",""
"370","2021-06-15 17:55:44,005335","0c:f2:56:56:04:02","Spanning-tree-(for-bridges)_00","STP","60","RST. Root = 32768/1/0c:f2:56:56:04:00  Cost = 0  Port = 0x8003","","","",""
"371","2021-06-15 17:55:47,015906","0c:f2:56:56:04:02","Spanning-tree-(for-bridges)_00","STP","60","RST. Root = 32768/1/0c:f2:56:56:04:00  Cost = 0  Port = 0x8003","","","",""
"372","2021-06-15 17:55:50,368936","0c:f2:56:56:04:02","Spanning-tree-(for-bridges)_00","STP","60","RST. Root = 32768/1/0c:f2:56:56:04:00  Cost = 0  Port = 0x8003","","","",""
"373","2021-06-15 17:55:53,973990","0c:f2:56:56:04:02","Spanning-tree-(for-bridges)_00","STP","60","RST. Root = 32768/1/0c:f2:56:56:04:00  Cost = 0  Port = 0x8003","","","",""
"374","2021-06-15 17:55:57,775032","0c:f2:56:56:04:02","Spanning-tree-(for-bridges)_00","STP","60","RST. Root = 32768/1/0c:f2:56:56:04:00  Cost = 0  Port = 0x8003","","","",""
"375","2021-06-15 17:56:01,517110","0c:f2:56:56:04:02","Spanning-tree-(for-bridges)_00","STP","60","RST. Root = 32768/1/0c:f2:56:56:04:00  Cost = 0  Port = 0x8003","","","",""
"376","2021-06-15 17:56:04,976387","0c:f2:56:56:04:02","Spanning-tree-(for-bridges)_00","STP","60","RST. Root = 32768/1/0c:f2:56:56:04:00  Cost = 0  Port = 0x8003","","","",""
"377","2021-06-15 17:56:08,103078","0c:f2:56:56:04:02","Spanning-tree-(for-bridges)_00","STP","60","RST. Root = 32768/1/0c:f2:56:56:04:00  Cost = 0  Port = 0x8003","","","",""
"378","2021-06-15 17:56:11,456851","0c:f2:56:56:04:02","Spanning-tree-(for-bridges)_00","STP","60","RST. Root = 32768/1/0c:f2:56:56:04:00  Cost = 0  Port = 0x8003","","","",""
"379","2021-06-15 17:56:15,023223","0c:f2:56:56:04:02","Spanning-tree-(for-bridges)_00","STP","60","RST. Root = 32768/1/0c:f2:56:56:04:00  Cost = 0  Port = 0x8003","","","",""
"380","2021-06-15 17:56:18,231271","0c:f2:56:56:04:02","Spanning-tree-(for-bridges)_00","STP","60","RST. Root = 32768/1/0c:f2:56:56:04:00  Cost = 0  Port = 0x8003","","","",""
"381","2021-06-15 17:56:20,445115","0c:f2:56:56:04:02","Spanning-tree-(for-bridges)_00","STP","60","RST. Root = 32768/1/0c:f2:56:56:04:00  Cost = 0  Port = 0x8003","","","",""
"382","2021-06-15 17:56:23,048639","0c:f2:56:56:04:02","Spanning-tree-(for-bridges)_00","STP","60","RST. Root = 32768/1/0c:f2:56:56:04:00  Cost = 0  Port = 0x8003","","","",""
"383","2021-06-15 17:56:26,705063","0c:f2:56:56:04:02","Spanning-tree-(for-bridges)_00","STP","60","RST. Root = 32768/1/0c:f2:56:56:04:00  Cost = 0  Port = 0x8003","","","",""
"384","2021-06-15 17:56:29,948992","0c:f2:56:56:04:02","Spanning-tree-(for-bridges)_00","STP","60","RST. Root = 32768/1/0c:f2:56:56:04:00  Cost = 0  Port = 0x8003","","","",""
"385","2021-06-15 17:56:31,066620","0c:f2:56:56:04:02","CDP/VTP/DTP/PAgP/UDLD","DTP","60","Dynamic Trunk Protocol","","","",""
"386","2021-06-15 17:56:31,069929","0c:f2:56:56:04:02","CDP/VTP/DTP/PAgP/UDLD","DTP","90","Dynamic Trunk Protocol","","","",""
"387","2021-06-15 17:56:32,181129","0c:f2:56:56:04:02","Spanning-tree-(for-bridges)_00","STP","60","RST. Root = 32768/1/0c:f2:56:56:04:00  Cost = 0  Port = 0x8003","","","",""
"388","2021-06-15 17:56:34,740641","0c:f2:56:56:04:02","Spanning-tree-(for-bridges)_00","STP","60","RST. Root = 32768/1/0c:f2:56:56:04:00  Cost = 0  Port = 0x8003","","","",""
"389","2021-06-15 17:56:38,302936","0c:f2:56:56:04:02","Spanning-tree-(for-bridges)_00","STP","60","RST. Root = 32768/1/0c:f2:56:56:04:00  Cost = 0  Port = 0x8003","","","",""
"390","2021-06-15 17:56:42,262123","0c:f2:56:56:04:02","Spanning-tree-(for-bridges)_00","STP","60","RST. Root = 32768/1/0c:f2:56:56:04:00  Cost = 0  Port = 0x8003","","","",""
"391","2021-06-15 17:56:45,919338","0c:f2:56:56:04:02","Spanning-tree-(for-bridges)_00","STP","60","RST. Root = 32768/1/0c:f2:56:56:04:00  Cost = 0  Port = 0x8003","","","",""
"392","2021-06-15 17:56:49,972991","0c:f2:56:56:04:02","Spanning-tree-(for-bridges)_00","STP","60","RST. Root = 32768/1/0c:f2:56:56:04:00  Cost = 0  Port = 0x8003","","","",""
"393","2021-06-15 17:56:53,450946","0c:f2:56:56:04:02","Spanning-tree-(for-bridges)_00","STP","60","RST. Root = 32768/1/0c:f2:56:56:04:00  Cost = 0  Port = 0x8003","","","",""
"394","2021-06-15 17:56:56,945147","0c:f2:56:56:04:02","Spanning-tree-(for-bridges)_00","STP","60","RST. Root = 32768/1/0c:f2:56:56:04:00  Cost = 0  Port = 0x8003","","","",""
"395","2021-06-15 17:57:00,504232","0c:f2:56:56:04:02","Spanning-tree-(for-bridges)_00","STP","60","RST. Root = 32768/1/0c:f2:56:56:04:00  Cost = 0  Port = 0x8003","","","",""
"396","2021-06-15 17:57:03,574411","0c:f2:56:56:04:02","Spanning-tree-(for-bridges)_00","STP","60","RST. Root = 32768/1/0c:f2:56:56:04:00  Cost = 0  Port = 0x8003","","","",""
"397","2021-06-15 17:57:06,803009","0c:f2:56:56:04:02","Spanning-tree-(for-bridges)_00","STP","60","RST. Root = 32768/1/0c:f2:56:56:04:00  Cost = 0  Port = 0x8003","","","",""
"398","2021-06-15 17:57:09,883245","0c:f2:56:56:04:02","Spanning-tree-(for-bridges)_00","STP","60","RST. Root = 32768/1/0c:f2:56:56:04:00  Cost = 0  Port = 0x8003","","","",""
"399","2021-06-15 17:57:12,798710","0c:f2:56:56:04:02","Spanning-tree-(for-bridges)_00","STP","60","RST. Root = 32768/1/0c:f2:56:56:04:00  Cost = 0  Port = 0x8003","","","",""
"400","2021-06-15 17:57:15,741138","0c:f2:56:56:04:02","Spanning-tree-(for-bridges)_00","STP","60","RST. Root = 32768/1/0c:f2:56:56:04:00  Cost = 0  Port = 0x8003","","","",""
"401","2021-06-15 17:57:18,377305","0c:f2:56:56:04:02","Spanning-tree-(for-bridges)_00","STP","60","RST. Root = 32768/1/0c:f2:56:56:04:00  Cost = 0  Port = 0x8003","","","",""
"402","2021-06-15 17:57:19,527244","0c:f2:56:56:04:02","CDP/VTP/DTP/PAgP/UDLD","DTP","60","Dynamic Trunk Protocol","","","",""
"403","2021-06-15 17:57:19,531667","0c:f2:56:56:04:02","CDP/VTP/DTP/PAgP/UDLD","DTP","90","Dynamic Trunk Protocol","","","",""
"404","2021-06-15 17:57:19,574111","0c:f2:56:56:04:02","CDP/VTP/DTP/PAgP/UDLD","CDP","411","Device ID: Switch  Port ID: GigabitEthernet0/2  ","","","",""
"405","2021-06-15 17:57:21,729572","0c:f2:56:56:04:02","Spanning-tree-(for-bridges)_00","STP","60","RST. Root = 32768/1/0c:f2:56:56:04:00  Cost = 0  Port = 0x8003","","","",""
"406","2021-06-15 17:57:25,373243","0c:f2:56:56:04:02","Spanning-tree-(for-bridges)_00","STP","60","RST. Root = 32768/1/0c:f2:56:56:04:00  Cost = 0  Port = 0x8003","","","",""
"407","2021-06-15 17:57:28,771563","0c:f2:56:56:04:02","Spanning-tree-(for-bridges)_00","STP","60","RST. Root = 32768/1/0c:f2:56:56:04:00  Cost = 0  Port = 0x8003","","","",""
"408","2021-06-15 17:57:32,171781","0c:f2:56:56:04:02","Spanning-tree-(for-bridges)_00","STP","60","RST. Root = 32768/1/0c:f2:56:56:04:00  Cost = 0  Port = 0x8003","","","",""
"409","2021-06-15 17:57:35,593035","0c:f2:56:56:04:02","Spanning-tree-(for-bridges)_00","STP","60","RST. Root = 32768/1/0c:f2:56:56:04:00  Cost = 0  Port = 0x8003","","","",""
"410","2021-06-15 17:57:39,378283","0c:f2:56:56:04:02","Spanning-tree-(for-bridges)_00","STP","60","RST. Root = 32768/1/0c:f2:56:56:04:00  Cost = 0  Port = 0x8003","","","",""
"411","2021-06-15 17:57:43,149668","0c:f2:56:56:04:02","Spanning-tree-(for-bridges)_00","STP","60","RST. Root = 32768/1/0c:f2:56:56:04:00  Cost = 0  Port = 0x8003","","","",""
"412","2021-06-15 17:57:46,457095","0c:f2:56:56:04:02","Spanning-tree-(for-bridges)_00","STP","60","RST. Root = 32768/1/0c:f2:56:56:04:00  Cost = 0  Port = 0x8003","","","",""
"413","2021-06-15 17:57:49,115732","0c:f2:56:56:04:02","Spanning-tree-(for-bridges)_00","STP","60","RST. Root = 32768/1/0c:f2:56:56:04:00  Cost = 0  Port = 0x8003","","","",""
"414","2021-06-15 17:57:51,678944","0c:f2:56:56:04:02","Spanning-tree-(for-bridges)_00","STP","60","RST. Root = 32768/1/0c:f2:56:56:04:00  Cost = 0  Port = 0x8003","","","",""
"415","2021-06-15 17:57:54,732511","0c:f2:56:56:04:02","Spanning-tree-(for-bridges)_00","STP","60","RST. Root = 32768/1/0c:f2:56:56:04:00  Cost = 0  Port = 0x8003","","","",""
"416","2021-06-15 17:57:58,790969","0c:f2:56:56:04:02","Spanning-tree-(for-bridges)_00","STP","60","RST. Root = 32768/1/0c:f2:56:56:04:00  Cost = 0  Port = 0x8003","","","",""
"417","2021-06-15 17:58:02,020477","0c:f2:56:56:04:02","Spanning-tree-(for-bridges)_00","STP","60","RST. Root = 32768/1/0c:f2:56:56:04:00  Cost = 0  Port = 0x8003","","","",""
"418","2021-06-15 17:58:05,110688","0c:f2:56:56:04:02","Spanning-tree-(for-bridges)_00","STP","60","RST. Root = 32768/1/0c:f2:56:56:04:00  Cost = 0  Port = 0x8003","","","",""
"419","2021-06-15 17:58:08,887279","0c:f2:56:56:04:02","Spanning-tree-(for-bridges)_00","STP","60","RST. Root = 32768/1/0c:f2:56:56:04:00  Cost = 0  Port = 0x8003","","","",""
"420","2021-06-15 17:58:10,037216","0c:f2:56:56:04:02","CDP/VTP/DTP/PAgP/UDLD","DTP","60","Dynamic Trunk Protocol","","","",""
"421","2021-06-15 17:58:10,055169","0c:f2:56:56:04:02","CDP/VTP/DTP/PAgP/UDLD","DTP","90","Dynamic Trunk Protocol","","","",""
"422","2021-06-15 17:58:12,954617","0c:f2:56:56:04:02","Spanning-tree-(for-bridges)_00","STP","60","RST. Root = 32768/1/0c:f2:56:56:04:00  Cost = 0  Port = 0x8003","","","",""
"423","2021-06-15 17:58:15,871617","0c:f2:56:56:04:02","Spanning-tree-(for-bridges)_00","STP","60","RST. Root = 32768/1/0c:f2:56:56:04:00  Cost = 0  Port = 0x8003","","","",""
"424","2021-06-15 17:58:19,501347","0c:f2:56:56:04:02","Spanning-tree-(for-bridges)_00","STP","60","RST. Root = 32768/1/0c:f2:56:56:04:00  Cost = 0  Port = 0x8003","","","",""
"425","2021-06-15 17:58:23,506179","0c:f2:56:56:04:02","Spanning-tree-(for-bridges)_00","STP","60","RST. Root = 32768/1/0c:f2:56:56:04:00  Cost = 0  Port = 0x8003","","","",""
"426","2021-06-15 17:58:26,971637","0c:f2:56:56:04:02","Spanning-tree-(for-bridges)_00","STP","60","RST. Root = 32768/1/0c:f2:56:56:04:00  Cost = 0  Port = 0x8003","","","",""
"427","2021-06-15 17:58:30,362539","0c:f2:56:56:04:02","Spanning-tree-(for-bridges)_00","STP","60","RST. Root = 32768/1/0c:f2:56:56:04:00  Cost = 0  Port = 0x8003","","","",""
"428","2021-06-15 17:58:33,195445","0c:f2:56:56:04:02","Spanning-tree-(for-bridges)_00","STP","60","RST. Root = 32768/1/0c:f2:56:56:04:00  Cost = 0  Port = 0x8003","","","",""
"429","2021-06-15 17:58:36,652907","0c:f2:56:56:04:02","Spanning-tree-(for-bridges)_00","STP","60","RST. Root = 32768/1/0c:f2:56:56:04:00  Cost = 0  Port = 0x8003","","","",""
"430","2021-06-15 17:58:40,161629","0c:f2:56:56:04:02","Spanning-tree-(for-bridges)_00","STP","60","RST. Root = 32768/1/0c:f2:56:56:04:00  Cost = 0  Port = 0x8003","","","",""
"431","2021-06-15 17:58:43,722690","0c:f2:56:56:04:02","Spanning-tree-(for-bridges)_00","STP","60","RST. Root = 32768/1/0c:f2:56:56:04:00  Cost = 0  Port = 0x8003","","","",""
"432","2021-06-15 17:58:47,206269","0.0.0.0","255.255.255.255","DHCP","406","DHCP Discover - Transaction ID 0xf01e1c58","","","",""
"433","2021-06-15 17:58:47,386826","192.168.123.251","192.168.123.1","DHCP","342","DHCP Offer    - Transaction ID 0xf01e1c58","","","",""
"434","2021-06-15 17:58:47,544034","0c:f2:56:24:b8:00","Broadcast","ARP","60","Who has 192.168.123.1? Tell 192.168.123.253","","","",""
"435","2021-06-15 17:58:47,569113","0c:f2:56:56:04:02","Spanning-tree-(for-bridges)_00","STP","60","RST. Root = 32768/1/0c:f2:56:56:04:00  Cost = 0  Port = 0x8003","","","",""
"436","2021-06-15 17:58:48,206716","0.0.0.0","255.255.255.255","DHCP","406","DHCP Request  - Transaction ID 0xf01e1c58","","","",""
"437","2021-06-15 17:58:48,253566","192.168.123.251","192.168.123.1","DHCP","342","DHCP ACK      - Transaction ID 0xf01e1c58","","","",""
"438","2021-06-15 17:58:48,987699","0c:f2:56:73:69:00","Broadcast","ARP","60","Who has 192.168.123.1? Tell 192.168.123.254","","","",""
"439","2021-06-15 17:58:49,211217","Private_66:68:00","Broadcast","ARP","64","Gratuitous ARP for 192.168.123.1 (Request)","","","",""
"440","2021-06-15 17:58:49,856689","0c:f2:56:56:04:02","CDP/VTP/DTP/PAgP/UDLD","CDP","411","Device ID: Switch  Port ID: GigabitEthernet0/2  ","","","",""
"441","2021-06-15 17:58:50,200857","192.168.123.253","192.168.123.1","ICMP","70","Echo (ping) request  id=0x0000, seq=2/512, ttl=255 (reply in 442)","","","",""
"442","2021-06-15 17:58:50,201857","192.168.123.1","192.168.123.253","ICMP","70","Echo (ping) reply    id=0x0000, seq=2/512, ttl=64 (request in 441)","","","",""
"443","2021-06-15 17:58:50,211436","Private_66:68:00","Broadcast","ARP","64","Gratuitous ARP for 192.168.123.1 (Request)","","","",""
"444","2021-06-15 17:58:50,239353","0c:f2:56:24:b8:00","Broadcast","ARP","60","Who has 192.168.123.2? Tell 192.168.123.253","","","",""
"445","2021-06-15 17:58:50,993050","0c:f2:56:56:04:02","Spanning-tree-(for-bridges)_00","STP","60","RST. Root = 32768/1/0c:f2:56:56:04:00  Cost = 0  Port = 0x8003","","","",""
"446","2021-06-15 17:58:51,211840","Private_66:68:00","Broadcast","ARP","64","Gratuitous ARP for 192.168.123.1 (Request)","","","",""
"447","2021-06-15 17:58:52,945860","192.168.123.253","192.168.123.2","DHCP","342","DHCP Offer    - Transaction ID 0xf01e1c58","","","",""
"448","2021-06-15 17:58:53,218669","192.168.123.254","192.168.123.1","ICMP","70","Echo (ping) request  id=0x0000, seq=2/512, ttl=255 (reply in 449)","","","",""
"449","2021-06-15 17:58:53,219376","192.168.123.1","192.168.123.254","ICMP","70","Echo (ping) reply    id=0x0000, seq=2/512, ttl=64 (request in 448)","","","",""
"450","2021-06-15 17:58:53,883594","0c:f2:56:56:04:02","Spanning-tree-(for-bridges)_00","STP","60","RST. Root = 32768/1/0c:f2:56:56:04:00  Cost = 0  Port = 0x8003","","","",""
"451","2021-06-15 17:58:54,942104","0c:f2:56:73:69:00","Broadcast","ARP","60","Who has 192.168.123.2? Tell 192.168.123.254","","","",""
"452","2021-06-15 17:58:57,860998","0c:f2:56:56:04:02","Spanning-tree-(for-bridges)_00","STP","60","RST. Root = 32768/1/0c:f2:56:56:04:00  Cost = 0  Port = 0x8003","","","",""
"453","2021-06-15 17:59:01,239454","0c:f2:56:73:69:00","Broadcast","ARP","60","Who has 192.168.123.2? Tell 192.168.123.254","","","",""
"454","2021-06-15 17:59:01,804186","0c:f2:56:56:04:02","Spanning-tree-(for-bridges)_00","STP","60","RST. Root = 32768/1/0c:f2:56:56:04:00  Cost = 0  Port = 0x8003","","","",""
"455","2021-06-15 17:59:02,447359","0c:f2:56:56:04:02","CDP/VTP/DTP/PAgP/UDLD","DTP","60","Dynamic Trunk Protocol","","","",""
"456","2021-06-15 17:59:02,489932","0c:f2:56:56:04:02","CDP/VTP/DTP/PAgP/UDLD","DTP","90","Dynamic Trunk Protocol","","","",""
"457","2021-06-15 17:59:03,866761","192.168.123.254","192.168.123.2","DHCP","342","DHCP Offer    - Transaction ID 0xf01e1c58","","","",""
"458","2021-06-15 17:59:05,983539","0c:f2:56:56:04:02","Spanning-tree-(for-bridges)_00","STP","60","RST. Root = 32768/1/0c:f2:56:56:04:00  Cost = 0  Port = 0x8003","","","",""
"459","2021-06-15 17:59:10,299322","0c:f2:56:56:04:02","Spanning-tree-(for-bridges)_00","STP","60","RST. Root = 32768/1/0c:f2:56:56:04:00  Cost = 0  Port = 0x8003","","","",""
"460","2021-06-15 17:59:14,591232","0c:f2:56:56:04:02","Spanning-tree-(for-bridges)_00","STP","60","RST. Root = 32768/1/0c:f2:56:56:04:00  Cost = 0  Port = 0x8003","","","",""
"461","2021-06-15 17:59:18,878244","0c:f2:56:56:04:02","Spanning-tree-(for-bridges)_00","STP","60","RST. Root = 32768/1/0c:f2:56:56:04:00  Cost = 0  Port = 0x8003","","","",""
"462","2021-06-15 17:59:22,582215","0c:f2:56:56:04:02","Spanning-tree-(for-bridges)_00","STP","60","RST. Root = 32768/1/0c:f2:56:56:04:00  Cost = 0  Port = 0x8003","","","",""
"463","2021-06-15 17:59:26,678528","0c:f2:56:56:04:02","Spanning-tree-(for-bridges)_00","STP","60","RST. Root = 32768/1/0c:f2:56:56:04:00  Cost = 0  Port = 0x8003","","","",""
"464","2021-06-15 17:59:30,802120","0c:f2:56:56:04:02","Spanning-tree-(for-bridges)_00","STP","60","RST. Root = 32768/1/0c:f2:56:56:04:00  Cost = 0  Port = 0x8003","","","",""
"465","2021-06-15 17:59:34,915136","0c:f2:56:56:04:02","Spanning-tree-(for-bridges)_00","STP","60","RST. Root = 32768/1/0c:f2:56:56:04:00  Cost = 0  Port = 0x8003","","","",""
"466","2021-06-15 17:59:39,163808","0c:f2:56:56:04:02","Spanning-tree-(for-bridges)_00","STP","60","RST. Root = 32768/1/0c:f2:56:56:04:00  Cost = 0  Port = 0x8003","","","",""
"467","2021-06-15 17:59:39,306142","0.0.0.0","255.255.255.255","DHCP","406","DHCP Discover - Transaction ID 0x24fb502a","","","",""
"468","2021-06-15 17:59:39,357538","192.168.123.251","192.168.123.1","DHCP","342","DHCP Offer    - Transaction ID 0x24fb502a","","","",""
"469","2021-06-15 17:59:39,386154","192.168.123.253","192.168.123.2","DHCP","342","DHCP Offer    - Transaction ID 0x24fb502a","","","",""
"470","2021-06-15 17:59:40,372047","0.0.0.0","255.255.255.255","DHCP","406","DHCP Request  - Transaction ID 0x24fb502a","","","",""
"471","2021-06-15 17:59:40,425689","192.168.123.251","192.168.123.1","DHCP","342","DHCP ACK      - Transaction ID 0x24fb502a","","","",""
"472","2021-06-15 17:59:41,271275","192.168.123.254","192.168.123.2","DHCP","342","DHCP Offer    - Transaction ID 0x24fb502a","","","",""
"473","2021-06-15 17:59:41,372524","Private_66:68:00","Broadcast","ARP","64","Gratuitous ARP for 192.168.123.1 (Request)","","","",""
"474","2021-06-15 17:59:42,373766","Private_66:68:00","Broadcast","ARP","64","Gratuitous ARP for 192.168.123.1 (Request)","","","",""
"475","2021-06-15 17:59:43,374975","Private_66:68:00","Broadcast","ARP","64","Gratuitous ARP for 192.168.123.1 (Request)","","","",""
"476","2021-06-15 17:59:43,410288","0c:f2:56:56:04:02","Spanning-tree-(for-bridges)_00","STP","60","RST. Root = 32768/1/0c:f2:56:56:04:00  Cost = 0  Port = 0x8003","","","",""
"477","2021-06-15 17:59:46,810050","0c:f2:56:56:04:02","Spanning-tree-(for-bridges)_00","STP","60","RST. Root = 32768/1/0c:f2:56:56:04:00  Cost = 0  Port = 0x8003","","","",""
"478","2021-06-15 17:59:50,626602","0c:f2:56:56:04:02","Spanning-tree-(for-bridges)_00","STP","60","RST. Root = 32768/1/0c:f2:56:56:04:00  Cost = 0  Port = 0x8003","","","",""
"479","2021-06-15 17:59:53,588224","0c:f2:56:56:04:02","Spanning-tree-(for-bridges)_00","STP","60","RST. Root = 32768/1/0c:f2:56:56:04:00  Cost = 0  Port = 0x8003","","","",""
"480","2021-06-15 17:59:57,126158","0c:f2:56:56:04:02","Spanning-tree-(for-bridges)_00","STP","60","RST. Root = 32768/1/0c:f2:56:56:04:00  Cost = 0  Port = 0x8003","","","",""
"481","2021-06-15 18:00:00,582682","0c:f2:56:56:04:02","CDP/VTP/DTP/PAgP/UDLD","DTP","60","Dynamic Trunk Protocol","","","",""
"482","2021-06-15 18:00:00,602131","0c:f2:56:56:04:02","CDP/VTP/DTP/PAgP/UDLD","DTP","90","Dynamic Trunk Protocol","","","",""
"483","2021-06-15 18:00:00,792659","0c:f2:56:56:04:02","Spanning-tree-(for-bridges)_00","STP","60","RST. Root = 32768/1/0c:f2:56:56:04:00  Cost = 0  Port = 0x8003","","","",""
"484","2021-06-15 18:00:03,861340","0c:f2:56:56:04:02","Spanning-tree-(for-bridges)_00","STP","60","RST. Root = 32768/1/0c:f2:56:56:04:00  Cost = 0  Port = 0x8003","","","",""
"485","2021-06-15 18:00:07,575052","0c:f2:56:56:04:02","Spanning-tree-(for-bridges)_00","STP","60","RST. Root = 32768/1/0c:f2:56:56:04:00  Cost = 0  Port = 0x8003","","","",""
"486","2021-06-15 18:00:10,551279","0c:f2:56:56:04:02","Spanning-tree-(for-bridges)_00","STP","60","RST. Root = 32768/1/0c:f2:56:56:04:00  Cost = 0  Port = 0x8003","","","",""
"487","2021-06-15 18:00:13,531199","0c:f2:56:56:04:02","Spanning-tree-(for-bridges)_00","STP","60","RST. Root = 32768/1/0c:f2:56:56:04:00  Cost = 0  Port = 0x8003","","","",""
"488","2021-06-15 18:00:17,254933","0c:f2:56:56:04:02","Spanning-tree-(for-bridges)_00","STP","60","RST. Root = 32768/1/0c:f2:56:56:04:00  Cost = 0  Port = 0x8003","","","",""
"489","2021-06-15 18:00:20,638864","0c:f2:56:56:04:02","Spanning-tree-(for-bridges)_00","STP","60","RST. Root = 32768/1/0c:f2:56:56:04:00  Cost = 0  Port = 0x8003","","","",""
"490","2021-06-15 18:00:24,006819","0c:f2:56:56:04:02","Spanning-tree-(for-bridges)_00","STP","60","RST. Root = 32768/1/0c:f2:56:56:04:00  Cost = 0  Port = 0x8003","","","",""
"491","2021-06-15 18:00:27,529869","0c:f2:56:56:04:02","Spanning-tree-(for-bridges)_00","STP","60","RST. Root = 32768/1/0c:f2:56:56:04:00  Cost = 0  Port = 0x8003","","","",""
